t_s,Q_var_7,Q_var_9,Q_var_10,Q_var_11,V_pu_7,V_pu_9,V_pu_10,V_pu_11
0.0,1035.3048095703125,962.2516479492188,1063.1591796875,1045.2340087890625,1.0406594276428223,1.0385321378707886,1.039231300354004,1.038609266281128
0.01,994.1981811523438,915.852294921875,1012.9617309570312,992.1095581054688,1.051924705505371,1.0498286485671997,1.0510356426239014,1.0506367683410645
0.02,881.9405517578125,816.2496337890625,909.2123413085938,895.1095581054688,1.057925820350647,1.05584716796875,1.0573267936706543,1.0570472478866577
0.03,737.9005126953125,687.1560668945312,765.5895385742188,756.8294677734375,1.06111741065979,1.0590482950210571,1.060672640800476,1.0604568719863892
0.04,596.1730346679688,559.0829467773438,621.0764770507812,616.1417846679688,1.0628141164779663,1.0607503652572632,1.0624513626098633,1.062269687652588
0.05,472.16448974609375,445.8819885253906,492.5414123535156,489.9021911621094,1.0637151002883911,1.0616544485092163,1.0633959770202637,1.0632323026657104
0.06,373.045166015625,354.2650451660156,388.4649658203125,386.8476257324219,1.064192771911621,1.0621339082717896,1.0638967752456665,1.0637428760528564
0.07,299.2793273925781,285.0549011230469,310.2155456542969,308.7542419433594,1.0644456148147583,1.0623878240585327,1.0641618967056274,1.064013123512268
0.08,247.30459594726562,235.4358673095703,254.71778869628906,252.95631408691406,1.0645791292190552,1.0625219345092773,1.06430184841156,1.0641558170318604
0.09,211.73129272460938,200.84585571289062,216.71096801757812,214.52357482910156,1.0646494626998901,1.062592625617981,1.064375638961792,1.064231038093567
0.1,187.01068115234375,176.45626831054688,190.5392608642578,188.0071258544922,1.0646864175796509,1.0626298189163208,1.0644142627716064,1.0642704963684082
0.11,168.4667205810547,158.10845947265625,171.28758239746094,168.6002655029297,1.064705729484558,1.0626492500305176,1.06443452835083,1.0642911195755005
0.12,152.75958251953125,142.76084899902344,155.34548950195312,152.70960998535156,1.0647157430648804,1.0626592636108398,1.0644450187683105,1.06430184841156
0.13,137.92002868652344,128.5570068359375,140.50323486328125,138.08645629882812,1.0647207498550415,1.0626643896102905,1.0644502639770508,1.0643072128295898
0.14,123.122802734375,114.65161895751953,125.75751495361328,123.66500091552734,1.064723253250122,1.0626667737960815,1.064452886581421,1.06430983543396
0.15,108.32133483886719,100.90699005126953,110.95011901855469,109.22264099121094,1.0647242069244385,1.0626678466796875,1.0644539594650269,1.0643110275268555
0.16,93.8880844116211,87.58244323730469,96.41326904296875,95.0362319946289,1.0647245645523071,1.0626682043075562,1.0644543170928955,1.0643113851547241
0.17,80.32379913330078,75.07675170898438,82.65376281738281,81.57764434814453,1.0647244453430176,1.0626680850982666,1.064454197883606,1.0643112659454346
0.18,68.07048797607422,63.763858795166016,70.13053131103516,69.29553985595703,1.064724087715149,1.0626678466796875,1.0644539594650269,1.0643110275268555
0.19,57.394351959228516,53.87001037597656,59.15044403076172,58.490875244140625,1.0647237300872803,1.0626676082611084,1.0644536018371582,1.0643106698989868
0.2,48.37021255493164,45.47064971923828,49.82896041870117,49.290740966796875,1.0647233724594116,1.0626672506332397,1.0644532442092896,1.0643103122711182
0.21,40.92144775390625,38.49862289428711,42.111244201660156,41.65034866333008,1.0647231340408325,1.062666893005371,1.064452886581421,1.0643099546432495
0.22,34.85035705566406,32.786170959472656,35.81315612792969,35.40712356567383,1.0647227764129639,1.062666654586792,1.0644525289535522,1.0643097162246704
0.23,29.914623260498047,28.12624740600586,30.69871711730957,30.32744598388672,1.0647225379943848,1.062666416168213,1.0644522905349731,1.0643094778060913
0.24,25.869251251220703,24.2959041595459,26.515331268310547,26.175939559936523,1.0647222995758057,1.0626661777496338,1.064452052116394,1.0643092393875122
0.25,22.489587783813477,21.096614837646484,23.035301208496094,22.729509353637695,1.0647221803665161,1.0626660585403442,1.0644519329071045,1.064309000968933
0.26,19.610610961914062,18.374011993408203,20.082399368286133,19.806825637817383,1.0647220611572266,1.0626659393310547,1.0644516944885254,1.0643088817596436
0.27,17.102310180664062,16.01148796081543,17.516464233398438,17.271202087402344,1.0647218227386475,1.0626658201217651,1.0644515752792358,1.064308762550354
0.28,14.886764526367188,13.932723999023438,15.256587982177734,15.043168067932129,1.0647218227386475,1.0626657009124756,1.0644514560699463,1.0643086433410645
0.29,12.91727352142334,12.088953018188477,13.246232986450195,13.064285278320312,1.064721703529358,1.062665581703186,1.0644513368606567,1.064308524131775
0.3,11.165323257446289,10.451093673706055,11.457845687866211,11.305376052856445,1.0647215843200684,1.0626654624938965,1.0644513368606567,1.064308524131775
0.31,-300.8255310058594,-294.3287658691406,-300.59185791015625,-299.4178161621094,1.0645908117294312,1.0625356435775757,1.06432044506073,1.0641775131225586
0.32,59.31953430175781,53.584266662597656,59.549949645996094,59.1704216003418,1.0647013187408447,1.0626418590545654,1.064431071281433,1.0642882585525513
0.33,5.107118606567383,3.3101301193237305,5.302671432495117,5.193030834197998,1.0646992921829224,1.0626389980316162,1.0644290447235107,1.0642861127853394
0.34,5.858461380004883,4.4497389793396,6.025240898132324,5.959116458892822,1.0647027492523193,1.0626418590545654,1.0644323825836182,1.0642895698547363
0.35000000000000003,3.835221767425537,2.6277360916137695,3.9759533405303955,3.930903196334839,1.064704418182373,1.06264328956604,1.0644341707229614,1.0642913579940796
0.36,2.6973183155059814,1.6336338520050049,2.817380905151367,2.7869770526885986,1.0647052526474,1.0626440048217773,1.0644350051879883,1.0642921924591064
0.37,2.1511123180389404,1.162018060684204,2.2538580894470215,2.225886821746826,1.064705729484558,1.062644362449646,1.064435362815857,1.064292550086975
0.38,1.9214766025543213,0.9908003807067871,2.008845567703247,1.981764554977417,1.0647059679031372,1.062644600868225,1.064435601234436,1.0642927885055542
0.39,1.8552483320236206,0.9902490973472595,1.926695704460144,1.8990360498428345,1.0647060871124268,1.062644600868225,1.0644357204437256,1.0642929077148438
0.4,1.8293514251708984,1.0444104671478271,1.8939298391342163,1.8640995025634766,1.0647060871124268,1.0626447200775146,1.0644358396530151,1.0642930269241333
0.41000000000000003,-12.406230926513672,1.086227297782898,1.8406442403793335,1.8110283613204956,1.0647060871124268,1.0626447200775146,1.0644358396530151,1.0642930269241333
0.42,-278.5014953613281,1.0856640338897705,1.737417459487915,1.708946704864502,1.0647029876708984,1.0626447200775146,1.0644358396530151,1.0642930269241333
0.43,-546.4701538085938,1.030824899673462,-3.9240667819976807,1.5590519905090332,1.0646965503692627,1.0626447200775146,1.0644358396530151,1.0642930269241333
0.44,-812.4547119140625,-24.047607421875,-47.03042221069336,-134.55323791503906,1.0646884441375732,1.062644600868225,1.0644352436065674,1.0642917156219482
0.45,-1075.64306640625,-129.7480926513672,-90.14926147460938,-291.72564697265625,1.0646793842315674,1.062643051147461,1.0644341707229614,1.0642882585525513
0.46,-1335.7021484375,-235.1417694091797,-132.93087768554688,-447.8454284667969,1.0646698474884033,1.0626404285430908,1.0644328594207764,1.0642834901809692
0.47000000000000003,-1592.5927734375,-339.66094970703125,-175.2440643310547,-602.3706665039062,1.0646603107452393,1.0626370906829834,1.0644314289093018,1.0642783641815186
0.48,-1846.4169921875,-443.0418701171875,-217.03683471679688,-755.08154296875,1.0646506547927856,1.0626335144042969,1.0644298791885376,1.0642727613449097
0.49,-2097.34130859375,-545.1959228515625,-258.3045959472656,-905.9310302734375,1.064640998840332,1.0626296997070312,1.0644283294677734,1.0642671585083008
0.5,-2345.5419921875,-646.11865234375,-299.0732727050781,-1054.984375,1.064631462097168,1.0626258850097656,1.0644267797470093,1.0642614364624023
0.51,-2591.153564453125,-745.865234375,-339.3700256347656,-1202.333740234375,1.064621925354004,1.0626220703125,1.0644252300262451,1.0642558336257935
0.52,-2834.28466796875,-844.498779296875,-379.224853515625,-1348.085693359375,1.0646125078201294,1.0626182556152344,1.064423680305481,1.0642502307891846
0.53,-3074.99560546875,-942.0916137695312,-418.6707763671875,-1492.326904296875,1.0646032094955444,1.0626145601272583,1.0644222497940063,1.0642446279525757
0.54,-3313.322021484375,-1038.6910400390625,-457.7237548828125,-1635.1258544921875,1.064594030380249,1.0626107454299927,1.0644207000732422,1.0642391443252563
0.55,-3549.2724609375,-1134.3360595703125,-496.3958435058594,-1776.520263671875,1.0645849704742432,1.0626070499420166,1.064419150352478,1.064233660697937
0.56,-3782.84765625,-1229.048828125,-534.693359375,-1916.5299072265625,1.0645759105682373,1.06260347366333,1.0644177198410034,1.0642282962799072
0.5700000000000001,-4014.04931640625,-1322.83642578125,-572.615966796875,-2055.163818359375,1.064566969871521,1.062599778175354,1.0644162893295288,1.0642229318618774
0.58,-4242.8798828125,-1415.7034912109375,-610.166748046875,-2192.4208984375,1.0645581483840942,1.0625962018966675,1.0644147396087646,1.0642175674438477
0.59,-4469.353515625,-1507.651123046875,-647.3442993164062,-2328.30126953125,1.0645493268966675,1.062592625617981,1.06441330909729,1.0642123222351074
0.6,-4693.49169921875,-1598.675537109375,-684.1447143554688,-2462.806884765625,1.0645406246185303,1.062589168548584,1.0644118785858154,1.0642071962356567
0.61,-4915.30810546875,-1688.7830810546875,-720.5752563476562,-2595.938232421875,1.0645320415496826,1.0625855922698975,1.0644105672836304,1.0642019510269165
0.62,-5134.8359375,-1777.9781494140625,-756.6347045898438,-2727.71826171875,1.0645235776901245,1.0625821352005005,1.0644091367721558,1.0641969442367554
0.63,-5352.1025390625,-1866.267333984375,-792.3343505859375,-2858.146728515625,1.064515233039856,1.062578797340393,1.0644077062606812,1.0641918182373047
0.64,-5567.13232421875,-1953.6573486328125,-827.665283203125,-2987.24462890625,1.0645068883895874,1.062575340270996,1.064406394958496,1.064186930656433
0.65,-5779.95361328125,-2040.1585693359375,-862.6452026367188,-3115.025634765625,1.0644986629486084,1.0625720024108887,1.064405083656311,1.064181923866272
0.66,-5990.5927734375,-2125.787109375,-897.26953125,-3241.506591796875,1.0644904375076294,1.0625686645507812,1.0644036531448364,1.0641770362854004
0.67,-6199.076171875,-2210.5498046875,-931.5499877929688,-3366.70556640625,1.0644824504852295,1.0625654458999634,1.0644023418426514,1.0641721487045288
0.68,-6405.4208984375,-2294.455810546875,-965.4830322265625,-3490.63330078125,1.0644744634628296,1.0625622272491455,1.0644010305404663,1.0641673803329468
0.6900000000000001,-6609.6552734375,-2377.516845703125,-999.0760498046875,-3613.308837890625,1.0644665956497192,1.0625590085983276,1.0643997192382812,1.0641626119613647
0.7000000000000001,-6811.79345703125,-2459.7421875,-1032.3388671875,-3734.74267578125,1.0644587278366089,1.0625557899475098,1.0643985271453857,1.0641579627990723
0.71,-7011.86279296875,-2541.13671875,-1065.2630615234375,-3854.945556640625,1.064450979232788,1.0625526905059814,1.0643972158432007,1.0641533136367798
0.72,-7209.8779296875,-2621.714599609375,-1097.8614501953125,-3973.929931640625,1.0644433498382568,1.0625494718551636,1.0643959045410156,1.0641486644744873
0.73,-7405.865234375,-2701.480712890625,-1130.13134765625,-4091.712158203125,1.0644357204437256,1.0625463724136353,1.0643947124481201,1.0641441345214844
0.74,-7599.84228515625,-2780.43994140625,-1162.08056640625,-4208.30029296875,1.0644282102584839,1.0625433921813965,1.0643935203552246,1.0641396045684814
0.75,-7791.82861328125,-2858.6064453125,-1193.70703125,-4323.70703125,1.0644208192825317,1.0625402927398682,1.0643922090530396,1.064135193824768
0.76,-7981.84814453125,-2935.9833984375,-1225.0185546875,-4437.94384765625,1.0644134283065796,1.0625373125076294,1.064391016960144,1.0641307830810547
0.77,-8169.9228515625,-3012.582275390625,-1256.018310546875,-4551.0244140625,1.064406156539917,1.0625343322753906,1.0643898248672485,1.0641263723373413
0.78,-8356.0634765625,-3088.407958984375,-1286.7012939453125,-4662.95751953125,1.064399003982544,1.0625314712524414,1.064388632774353,1.0641220808029175
0.79,-8540.298828125,-3163.468505859375,-1317.0848388671875,-4773.7548828125,1.064391851425171,1.0625284910202026,1.0643874406814575,1.0641177892684937
0.8,-8722.6435546875,-3237.775390625,-1347.16259765625,-4883.43310546875,1.0643848180770874,1.0625256299972534,1.064386248588562,1.0641134977340698
0.81,-8591.9658203125,-3003.538330078125,-1060.5611572265625,-4679.41748046875,1.0645084381103516,1.062652587890625,1.0645158290863037,1.0642400979995728
0.8200000000000001,-9132.9248046875,-3430.376220703125,-1458.116455078125,-5150.646484375,1.0643906593322754,1.0625431537628174,1.064403772354126,1.0641249418258667
0.8300000000000001,-9257.044921875,-3453.056396484375,-1433.602783203125,-5204.0830078125,1.0643858909606934,1.0625433921813965,1.0644047260284424,1.0641229152679443
0.84,-9433.9443359375,-3526.607666015625,-1464.3172607421875,-5311.28564453125,1.0643757581710815,1.0625377893447876,1.064400315284729,1.0641155242919922
0.85,-9606.1806640625,-3596.34814453125,-1491.8394775390625,-5414.51953125,1.064367413520813,1.0625336170196533,1.0643974542617798,1.0641098022460938
0.86,-9777.3232421875,-3666.038818359375,-1519.7750244140625,-5517.37451171875,1.0643599033355713,1.0625301599502563,1.064395546913147,1.0641049146652222
0.87,-9947.18359375,-3735.4384765625,-1547.9080810546875,-5619.6552734375,1.0643528699874878,1.062527060508728,1.0643939971923828,1.0641005039215088
0.88,-10115.509765625,-3804.35107421875,-1575.97900390625,-5721.11474609375,1.0643460750579834,1.0625241994857788,1.0643926858901978,1.0640963315963745
0.89,-10282.197265625,-3872.6650390625,-1603.8543701171875,-5821.6279296875,1.064339518547058,1.0625214576721191,1.0643914937973022,1.0640922784805298
0.9,-10447.1611328125,-3940.29345703125,-1631.436767578125,-5921.1083984375,1.0643330812454224,1.062518835067749,1.0643903017044067,1.0640884637832642
0.91,-10610.361328125,-4007.181884765625,-1658.671630859375,-6019.51220703125,1.0643267631530762,1.062516212463379,1.0643892288208008,1.064084529876709
0.92,-10771.7958984375,-4073.312255859375,-1685.538818359375,-6116.82958984375,1.06432044506073,1.0625135898590088,1.0643881559371948,1.064080834388733
0.93,-10931.4912109375,-4138.689453125,-1712.0570068359375,-6213.0771484375,1.0643142461776733,1.0625110864639282,1.0643872022628784,1.0640770196914673
0.9400000000000001,-11089.4814453125,-4203.33740234375,-1738.23876953125,-6308.2822265625,1.0643081665039062,1.0625085830688477,1.0643861293792725,1.0640733242034912
0.9500000000000001,-11245.810546875,-4267.2841796875,-1764.1168212890625,-6402.47998046875,1.0643020868301392,1.062506079673767,1.064385175704956,1.0640697479248047
0.96,-11400.517578125,-4330.55078125,-1789.714111328125,-6495.70556640625,1.0642961263656616,1.0625035762786865,1.06438410282135,1.0640660524368286
0.97,-11553.6298828125,-4393.17041015625,-1815.0535888671875,-6587.97900390625,1.064290165901184,1.0625011920928955,1.0643831491470337,1.064062476158142
0.98,-11705.1826171875,-4455.15478515625,-1840.1453857421875,-6679.3271484375,1.064284324645996,1.0624988079071045,1.0643821954727173,1.0640590190887451
0.99,-11855.1943359375,-4516.52197265625,-1864.99951171875,-6769.759765625,1.064278483390808,1.0624964237213135,1.0643812417984009,1.0640554428100586
1.0,-12003.6796875,-4577.2734375,-1889.6124267578125,-6859.2890625,1.0642727613449097,1.0624940395355225,1.0643802881240845,1.0640519857406616
1.01,-12150.65234375,-4637.42236328125,-1913.993408203125,-6947.9248046875,1.0642670392990112,1.062491774559021,1.064379334449768,1.0640486478805542
1.02,-12296.1240234375,-4696.9677734375,-1938.134765625,-7035.66162109375,1.0642614364624023,1.06248939037323,1.0643783807754517,1.0640451908111572
1.03,-12440.1064453125,-4755.91357421875,-1962.0374755859375,-7122.51708984375,1.0642558336257935,1.0624871253967285,1.0643774271011353,1.0640418529510498
1.04,-12582.6142578125,-4814.26513671875,-1985.697509765625,-7208.48828125,1.0642503499984741,1.062484860420227,1.0643765926361084,1.0640385150909424
1.05,-12723.6591796875,-4872.0234375,-2009.1236572265625,-7293.58837890625,1.0642448663711548,1.0624825954437256,1.064375638961792,1.064035177230835
1.06,-12863.2509765625,-4929.19970703125,-2032.30908203125,-7377.822265625,1.064239501953125,1.0624804496765137,1.0643748044967651,1.064031958580017
1.07,-13001.412109375,-4985.79345703125,-2055.259521484375,-7461.2021484375,1.0642341375350952,1.0624781847000122,1.0643738508224487,1.0640287399291992
1.08,-13138.154296875,-5041.8125,-2077.977783203125,-7543.73046875,1.0642287731170654,1.0624760389328003,1.0643730163574219,1.0640255212783813
1.09,-13273.4921875,-5097.26708984375,-2100.467041015625,-7625.4248046875,1.0642235279083252,1.0624738931655884,1.064372181892395,1.064022421836853
1.1,-13407.44140625,-5152.16015625,-2122.728759765625,-7706.291015625,1.0642184019088745,1.0624717473983765,1.0643712282180786,1.0640192031860352
1.11,-13540.0166015625,-5206.49853515625,-2144.768310546875,-7786.33740234375,1.0642132759094238,1.062469720840454,1.0643703937530518,1.0640161037445068
1.12,-13671.2353515625,-5260.28857421875,-2166.589111328125,-7865.56982421875,1.0642081499099731,1.0624675750732422,1.064369559288025,1.064013123512268
1.1300000000000001,-13801.1044921875,-5313.53759765625,-2188.18798828125,-7944.0029296875,1.064203143119812,1.0624655485153198,1.064368724822998,1.0640100240707397
1.1400000000000001,-13929.6474609375,-5366.24609375,-2209.5751953125,-8021.6396484375,1.0641981363296509,1.0624635219573975,1.0643678903579712,1.064007043838501
1.1500000000000001,-14056.873046875,-5418.42578125,-2230.747314453125,-8098.4912109375,1.0641932487487793,1.062461495399475,1.0643670558929443,1.0640040636062622
1.16,-14182.7919921875,-5470.08154296875,-2251.70751953125,-8174.56396484375,1.0641883611679077,1.0624594688415527,1.064366340637207,1.0640010833740234
1.17,-14307.4208984375,-5521.212890625,-2272.457275390625,-8249.8681640625,1.0641834735870361,1.0624574422836304,1.0643655061721802,1.0639982223510742
1.18,-14430.7724609375,-5571.830078125,-2292.999755859375,-8324.4072265625,1.064178705215454,1.0624555349349976,1.0643646717071533,1.063995361328125
1.19,-14552.8603515625,-5621.93798828125,-2313.33740234375,-8398.19140625,1.0641740560531616,1.0624536275863647,1.064363956451416,1.0639925003051758
1.2,-14673.6962890625,-5671.5400390625,-2333.47119140625,-8471.2275390625,1.0641692876815796,1.062451720237732,1.0643631219863892,1.0639896392822266
1.21,-14793.2919921875,-5720.64208984375,-2353.40478515625,-8543.5263671875,1.064164638519287,1.0624498128890991,1.0643624067306519,1.0639867782592773
1.22,-14911.6630859375,-5769.24853515625,-2373.137451171875,-8615.091796875,1.0641601085662842,1.0624479055404663,1.064361572265625,1.0639840364456177
1.23,-15028.8212890625,-5817.3662109375,-2392.6728515625,-8685.9306640625,1.0641555786132812,1.0624459981918335,1.0643608570098877,1.063981294631958
1.24,-15144.7763671875,-5864.99853515625,-2412.012451171875,-8756.0517578125,1.0641510486602783,1.0624442100524902,1.0643601417541504,1.0639785528182983
1.25,-15259.544921875,-5912.14990234375,-2431.158447265625,-8825.4658203125,1.064146637916565,1.0624423027038574,1.0643593072891235,1.0639759302139282
1.26,-15063.0302734375,-5809.03955078125,-2333.46240234375,-8721.3359375,1.0626728534698486,1.061263918876648,1.0633031129837036,1.0631710290908813
1.27,-15270.8857421875,-5893.94873046875,-2374.84228515625,-8808.9111328125,1.0561115741729736,1.054966688156128,1.0563793182373047,1.056378722190857
1.28,-15404.080078125,-5966.2451171875,-2436.1904296875,-8909.2626953125,1.0526032447814941,1.0516022443771362,1.052675724029541,1.052744746208191
1.29,-15457.9296875,-5993.79150390625,-2454.928466796875,-8948.919921875,1.050735354423523,1.0498113632202148,1.0507044792175293,1.0508097410202026
1.3,-15476.8369140625,-6003.54736328125,-2459.1240234375,-8963.1796875,1.0497403144836426,1.0488574504852295,1.0496548414230347,1.0497792959213257
1.31,-15778.5712890625,-6304.59130859375,-2766.479248046875,-9268.8408203125,1.0490778684616089,1.048218011856079,1.0489633083343506,1.0490978956222534
1.32,-15421.7421875,-5956.77587890625,-2401.294189453125,-8911.654296875,1.048907995223999,1.0480554103851318,1.0487781763076782,1.0489180088043213
1.33,-15464.49609375,-6002.763671875,-2450.603515625,-8959.333984375,1.0487560033798218,1.0479085445404053,1.048617959022522,1.0487605333328247
1.34,-15454.529296875,-5999.03173828125,-2447.027099609375,-8954.23046875,1.0486798286437988,1.047835111618042,1.048537254333496,1.048681378364563
1.35,-15448.4833984375,-5999.5107421875,-2448.05859375,-8953.2705078125,1.0486392974853516,1.0477957725524902,1.0484941005706787,1.048639178276062
1.36,-15442.6923828125,-6000.19287109375,-2449.580810546875,-8952.60546875,1.0486178398132324,1.0477747917175293,1.048471212387085,1.048616647720337
1.37,-15436.9873046875,-6000.94287109375,-2451.27734375,-8952.0419921875,1.0486063957214355,1.047763705253601,1.0484589338302612,1.0486047267913818
1.3800000000000001,-15431.12890625,-6001.53125,-2452.840087890625,-8951.3447265625,1.0486005544662476,1.0477577447891235,1.048452377319336,1.0485984086990356
1.3900000000000001,-15424.8740234375,-6001.7607421875,-2454.0009765625,-8950.267578125,1.0485974550247192,1.0477545261383057,1.0484488010406494,1.0485950708389282
1.4000000000000001,-15418.1181640625,-6001.5537109375,-2454.645751953125,-8948.7041015625,1.0485960245132446,1.047752857208252,1.0484468936920166,1.048593282699585
1.41,-15410.8720703125,-6000.91943359375,-2454.768798828125,-8946.6552734375,1.0485953092575073,1.0477519035339355,1.0484459400177002,1.0485923290252686
1.42,-15403.2197265625,-5999.9365234375,-2454.45068359375,-8944.193359375,1.0485950708389282,1.047751545906067,1.0484453439712524,1.0485918521881104
1.43,-15395.2841796875,-5998.69970703125,-2453.800048828125,-8941.427734375,1.0485950708389282,1.0477513074874878,1.0484451055526733,1.0485917329788208
1.44,-15387.2021484375,-5997.3115234375,-2452.9375,-8938.474609375,1.0485953092575073,1.0477511882781982,1.0484449863433838,1.0485917329788208
1.45,-15379.080078125,-5995.8544921875,-2451.96240234375,-8935.4306640625,1.0485954284667969,1.0477511882781982,1.0484449863433838,1.0485917329788208
1.46,-15370.9931640625,-5994.384765625,-2450.951416015625,-8932.373046875,1.0485957860946655,1.0477511882781982,1.0484449863433838,1.0485917329788208
1.47,-15362.9921875,-5992.93212890625,-2449.94189453125,-8929.3359375,1.0485960245132446,1.0477511882781982,1.0484449863433838,1.0485918521881104
1.48,-15355.0927734375,-5991.51220703125,-2448.95458984375,-8926.3466796875,1.0485963821411133,1.0477511882781982,1.0484449863433838,1.0485919713974
1.49,-15347.29296875,-5990.123046875,-2447.9892578125,-8923.4033203125,1.0485966205596924,1.0477513074874878,1.0484449863433838,1.0485920906066895
1.5,-15339.5830078125,-5988.7529296875,-2447.036376953125,-8920.490234375,1.048596978187561,1.0477513074874878,1.0484449863433838,1.048592209815979
1.51,-15331.94921875,-5987.39013671875,-2446.083984375,-8917.60546875,1.0485972166061401,1.0477514266967773,1.0484451055526733,1.0485923290252686
1.52,-15324.376953125,-5986.0283203125,-2445.125244140625,-8914.7333984375,1.0485975742340088,1.0477514266967773,1.0484451055526733,1.048592448234558
1.53,-15316.85546875,-5984.6640625,-2444.14794921875,-8911.865234375,1.048597812652588,1.047751545906067,1.0484451055526733,1.0485925674438477
1.54,-15309.3876953125,-5983.287109375,-2443.153076171875,-8909.0009765625,1.0485981702804565,1.047751545906067,1.048445224761963,1.0485926866531372
1.55,-15301.962890625,-5981.9013671875,-2442.138671875,-8906.1376953125,1.0485984086990356,1.0477516651153564,1.048445224761963,1.0485928058624268
1.56,-15294.5888671875,-5980.5126953125,-2441.108154296875,-8903.28125,1.0485986471176147,1.0477516651153564,1.048445224761963,1.0485928058624268
1.57,-15287.2734375,-5979.1220703125,-2440.06884765625,-8900.4326171875,1.0485990047454834,1.0477516651153564,1.0484453439712524,1.0485929250717163
1.58,-15280.01171875,-5977.73291015625,-2439.023681640625,-8897.59765625,1.0485992431640625,1.047751784324646,1.0484453439712524,1.0485930442810059
1.59,-15272.8173828125,-5976.34765625,-2437.97705078125,-8894.78125,1.0485996007919312,1.047751784324646,1.0484453439712524,1.0485931634902954
1.6,-15265.68359375,-5974.9736328125,-2436.932373046875,-8891.9833984375,1.0485998392105103,1.0477519035339355,1.048445463180542,1.048593282699585
1.61,-15258.62109375,-5973.60693359375,-2435.890380859375,-8889.2099609375,1.0486000776290894,1.0477519035339355,1.048445463180542,1.0485934019088745
1.62,-15251.626953125,-5972.25146484375,-2434.857666015625,-8886.4599609375,1.048600435256958,1.047752022743225,1.048445463180542,1.048593521118164
1.6300000000000001,-15244.701171875,-5970.908203125,-2433.8271484375,-8883.732421875,1.048600673675537,1.047752022743225,1.0484455823898315,1.0485936403274536
1.6400000000000001,-15237.841796875,-5969.5732421875,-2432.8076171875,-8881.0341796875,1.0486009120941162,1.0477521419525146,1.0484455823898315,1.0485937595367432
1.6500000000000001,-15231.0498046875,-5968.25341796875,-2431.792724609375,-8878.3583984375,1.0486011505126953,1.0477521419525146,1.0484455823898315,1.0485938787460327
1.6600000000000001,-15224.328125,-5966.94287109375,-2430.78564453125,-8875.7060546875,1.048601508140564,1.0477521419525146,1.048445701599121,1.0485939979553223
1.67,-15217.66796875,-5965.64208984375,-2429.786865234375,-8873.0771484375,1.048601746559143,1.0477522611618042,1.048445701599121,1.0485939979553223
1.68,-15211.076171875,-5964.35400390625,-2428.79345703125,-8870.4736328125,1.0486019849777222,1.0477522611618042,1.048445701599121,1.0485941171646118
1.69,-15204.548828125,-5963.07763671875,-2427.808349609375,-8867.8935546875,1.0486022233963013,1.0477523803710938,1.0484458208084106,1.0485942363739014
1.7,-15198.0869140625,-5961.81005859375,-2426.82958984375,-8865.3359375,1.0486024618148804,1.0477523803710938,1.0484458208084106,1.048594355583191
1.71,-15191.6884765625,-5960.55517578125,-2425.857666015625,-8862.8046875,1.0486027002334595,1.0477524995803833,1.0484458208084106,1.0485944747924805
1.72,-15185.353515625,-5959.3095703125,-2424.89794921875,-8860.2958984375,1.0486029386520386,1.0477524995803833,1.0484459400177002,1.04859459400177
1.73,-15179.0830078125,-5958.08154296875,-2423.94384765625,-8857.8154296875,1.0486032962799072,1.0477524995803833,1.0484459400177002,1.04859459400177
1.74,-15172.875,-5956.86083984375,-2422.997802734375,-8855.3544921875,1.0486035346984863,1.0477526187896729,1.0484459400177002,1.0485947132110596
1.75,-15166.73046875,-5955.65185546875,-2422.060791015625,-8852.9189453125,1.0486037731170654,1.0477526187896729,1.0484459400177002,1.0485948324203491
1.76,-15160.650390625,-5954.45263671875,-2421.132568359375,-8850.5068359375,1.0486040115356445,1.0477526187896729,1.0484460592269897,1.0485949516296387
1.77,-15154.62890625,-5953.26904296875,-2420.2138671875,-8848.119140625,1.0486042499542236,1.0477527379989624,1.0484460592269897,1.0485950708389282
1.78,-15148.6689453125,-5952.0947265625,-2419.303466796875,-8845.755859375,1.0486044883728027,1.0477527379989624,1.0484460592269897,1.0485950708389282
1.79,-15142.771484375,-5950.93359375,-2418.40234375,-8843.4169921875,1.0486047267913818,1.047752857208252,1.0484461784362793,1.0485951900482178
1.8,-15136.9345703125,-5949.78369140625,-2417.507080078125,-8841.0986328125,1.0486048460006714,1.047752857208252,1.0484461784362793,1.0485953092575073
1.81,-15430.7646484375,-6247.46923828125,-2725.24853515625,-9141.5673828125,1.0484731197357178,1.0476219654083252,1.0483142137527466,1.0484633445739746
1.82,-15077.8642578125,-5903.98974609375,-2367.134033203125,-8788.6591796875,1.0485831499099731,1.0477275848388672,1.0484240055084229,1.0485731363296509
1.83,-15121.720703125,-5950.00439453125,-2417.357421875,-8836.5859375,1.0485808849334717,1.0477242469787598,1.0484216213226318,1.0485707521438599
1.84,-15114.1708984375,-5946.693359375,-2414.639404296875,-8832.40234375,1.0485843420028687,1.047727108001709,1.0484248399734497,1.0485740900039673
1.85,-15109.595703125,-5946.494140625,-2414.9130859375,-8831.2138671875,1.048586130142212,1.047728419303894,1.0484265089035034,1.048575758934021
1.86,-15104.314453125,-5945.60009765625,-2414.41064453125,-8829.294921875,1.0485872030258179,1.0477291345596313,1.0484273433685303,1.0485765933990479
1.87,-15098.638671875,-5944.31787109375,-2413.454345703125,-8826.955078125,1.0485877990722656,1.0477294921875,1.0484278202056885,1.0485771894454956
1.8800000000000001,-15092.7958984375,-5942.8291015625,-2412.274658203125,-8824.41015625,1.0485882759094238,1.047729730606079,1.0484280586242676,1.0485774278640747
1.8900000000000001,-15086.919921875,-5941.251953125,-2411.01171875,-8821.7978515625,1.0485886335372925,1.0477298498153687,1.0484281778335571,1.0485776662826538
1.9000000000000001,-15081.1142578125,-5939.68115234375,-2409.77294921875,-8819.21875,1.0485889911651611,1.0477299690246582,1.0484282970428467,1.0485777854919434
1.9100000000000001,-15075.439453125,-5938.181640625,-2408.611328125,-8816.736328125,1.0485892295837402,1.0477300882339478,1.0484284162521362,1.0485780239105225
1.92,-15069.9111328125,-5936.7841796875,-2407.55517578125,-8814.3662109375,1.0485894680023193,1.0477302074432373,1.0484285354614258,1.048578143119812
1.93,-15064.53515625,-5935.486328125,-2406.60009765625,-8812.1123046875,1.0485897064208984,1.0477302074432373,1.0484285354614258,1.048578143119812
1.94,-15059.283203125,-5934.2802734375,-2405.72802734375,-8809.9521484375,1.048589825630188,1.0477303266525269,1.0484285354614258,1.0485782623291016
1.95,-15054.138671875,-5933.14599609375,-2404.915283203125,-8807.8642578125,1.048590064048767,1.0477303266525269,1.0484286546707153,1.0485783815383911
1.96,-15049.072265625,-5932.05908203125,-2404.139404296875,-8805.82421875,1.0485903024673462,1.0477303266525269,1.0484286546707153,1.0485785007476807
1.97,-15044.06640625,-5931.00146484375,-2403.37548828125,-8803.814453125,1.0485905408859253,1.0477304458618164,1.0484286546707153,1.0485785007476807
1.98,-15039.1103515625,-5929.95751953125,-2402.618896484375,-8801.8232421875,1.0485906600952148,1.0477304458618164,1.0484286546707153,1.0485786199569702
1.99,-15034.1943359375,-5928.9228515625,-2401.861572265625,-8799.841796875,1.048590898513794,1.047730565071106,1.0484287738800049,1.0485787391662598
2.0,-15029.318359375,-5927.89306640625,-2401.10009765625,-8797.8701171875,1.0485910177230835,1.047730565071106,1.0484287738800049,1.0485787391662598
2.0100000000000002,-15024.486328125,-5926.86962890625,-2400.336669921875,-8795.9140625,1.0485912561416626,1.047730565071106,1.0484287738800049,1.0485788583755493
2.02,-15019.6943359375,-5925.85205078125,-2399.577392578125,-8793.9677734375,1.0485914945602417,1.0477306842803955,1.0484287738800049,1.0485789775848389
2.0300000000000002,-15014.953125,-5924.84375,-2398.824462890625,-8792.0419921875,1.0485916137695312,1.0477306842803955,1.0484288930892944,1.0485789775848389
2.04,-15010.2607421875,-5923.8505859375,-2398.080810546875,-8790.1357421875,1.0485918521881104,1.0477306842803955,1.0484288930892944,1.0485790967941284
2.05,-15005.6201171875,-5922.86767578125,-2397.343994140625,-8788.25390625,1.0485919713974,1.047730803489685,1.0484288930892944,1.0485790967941284
2.06,-15001.0302734375,-5921.900390625,-2396.62158203125,-8786.3935546875,1.048592209815979,1.047730803489685,1.0484288930892944,1.048579216003418
2.07,-14996.4892578125,-5920.9462890625,-2395.9091796875,-8784.556640625,1.0485923290252686,1.047730803489685,1.048429012298584,1.0485793352127075
2.08,-14992.001953125,-5920.0068359375,-2395.206787109375,-8782.7421875,1.0485925674438477,1.047730803489685,1.048429012298584,1.0485793352127075
2.09,-14987.560546875,-5919.08154296875,-2394.514404296875,-8780.947265625,1.0485926866531372,1.0477309226989746,1.048429012298584,1.048579454421997
2.1,-14983.16796875,-5918.1650390625,-2393.82958984375,-8779.173828125,1.0485929250717163,1.0477309226989746,1.048429012298584,1.048579454421997
2.11,-14978.818359375,-5917.26220703125,-2393.1533203125,-8777.416015625,1.0485930442810059,1.0477309226989746,1.0484291315078735,1.0485795736312866
2.12,-14974.5166015625,-5916.36669921875,-2392.483642578125,-8775.6796875,1.048593282699585,1.0477310419082642,1.0484291315078735,1.0485796928405762
2.13,-14970.2587890625,-5915.4833984375,-2391.82373046875,-8773.9609375,1.0485934019088745,1.0477310419082642,1.0484291315078735,1.0485796928405762
2.14,-14966.044921875,-5914.607421875,-2391.167236328125,-8772.2568359375,1.048593521118164,1.0477310419082642,1.0484291315078735,1.0485798120498657
2.15,-14961.8740234375,-5913.7421875,-2390.51611328125,-8770.572265625,1.0485937595367432,1.0477311611175537,1.0484291315078735,1.0485798120498657
2.16,-14957.7451171875,-5912.884765625,-2389.87548828125,-8768.904296875,1.0485938787460327,1.0477311611175537,1.048429250717163,1.0485799312591553
2.17,-14953.6591796875,-5912.0361328125,-2389.240234375,-8767.2529296875,1.0485939979553223,1.0477311611175537,1.048429250717163,1.0485799312591553
2.18,-14949.6171875,-5911.19775390625,-2388.613037109375,-8765.6201171875,1.0485942363739014,1.0477311611175537,1.048429250717163,1.0485800504684448
2.19,-14945.61328125,-5910.3701171875,-2387.988037109375,-8764.0029296875,1.048594355583191,1.0477312803268433,1.048429250717163,1.0485800504684448
2.2,-14941.6533203125,-5909.54736328125,-2387.370849609375,-8762.4013671875,1.0485944747924805,1.0477312803268433,1.048429250717163,1.0485801696777344
2.21,-14937.732421875,-5908.7333984375,-2386.76171875,-8760.81640625,1.0485947132110596,1.0477312803268433,1.0484293699264526,1.0485801696777344
2.22,-14933.8544921875,-5907.9296875,-2386.157958984375,-8759.25,1.0485948324203491,1.0477312803268433,1.0484293699264526,1.048580288887024
2.23,-14930.013671875,-5907.1337890625,-2385.560546875,-8757.6982421875,1.0485949516296387,1.0477313995361328,1.0484293699264526,1.0485804080963135
2.24,-14926.212890625,-5906.34716796875,-2384.9697265625,-8756.1630859375,1.0485950708389282,1.0477313995361328,1.0484293699264526,1.0485804080963135
2.25,-14922.453125,-5905.56591796875,-2384.3857421875,-8754.64453125,1.0485953092575073,1.0477313995361328,1.0484293699264526,1.048580527305603
2.2600000000000002,-14918.7314453125,-5904.79736328125,-2383.8056640625,-8753.1376953125,1.0485954284667969,1.0477315187454224,1.0484294891357422,1.048580527305603
2.27,-14915.046875,-5904.03271484375,-2383.232666015625,-8751.6484375,1.0485955476760864,1.0477315187454224,1.0484294891357422,1.0485806465148926
2.2800000000000002,-14911.3984375,-5903.27685546875,-2382.666015625,-8750.1748046875,1.048595666885376,1.0477315187454224,1.0484294891357422,1.0485806465148926
2.29,-14907.791015625,-5902.529296875,-2382.10205078125,-8748.71484375,1.048595905303955,1.0477315187454224,1.0484294891357422,1.0485806465148926
2.3000000000000003,-14904.2177734375,-5901.791015625,-2381.547607421875,-8747.271484375,1.0485960245132446,1.047731637954712,1.0484294891357422,1.0485807657241821
2.31,-14593.8818359375,-5595.34716796875,-2065.31494140625,-8436.025390625,1.0487279891967773,1.0478624105453491,1.048561453819275,1.0487127304077148
2.32,-14945.5537109375,-5944.3994140625,-2429.867431640625,-8792.9609375,1.048618197441101,1.0477567911148071,1.048451542854309,1.048602819442749
2.33,-14891.6572265625,-5895.89501953125,-2377.31787109375,-8740.60546875,1.0486209392547607,1.047760248184204,1.0484541654586792,1.0486055612564087
2.34,-14890.2294921875,-5897.44873046875,-2378.694091796875,-8741.234375,1.048617959022522,1.047757625579834,1.0484510660171509,1.0486024618148804
2.35,-14885.91796875,-5895.88671875,-2377.094482421875,-8738.8935546875,1.0486164093017578,1.047756314277649,1.0484493970870972,1.0486010313034058
2.36,-14882.353515625,-5895.0009765625,-2376.2294921875,-8737.2734375,1.04861581325531,1.0477557182312012,1.0484486818313599,1.0486003160476685
2.37,-14879.271484375,-5894.5224609375,-2375.83544921875,-8736.1162109375,1.0486154556274414,1.047755479812622,1.0484483242034912,1.0485999584197998
2.38,-14876.447265625,-5894.26806640625,-2375.673828125,-8735.1875,1.0486154556274414,1.047755241394043,1.048448085784912,1.0485997200012207
2.39,-14873.740234375,-5894.11767578125,-2375.606689453125,-8734.365234375,1.0486154556274414,1.0477551221847534,1.0484479665756226,1.0485996007919312
2.4,-14871.0556640625,-5893.97509765625,-2375.53564453125,-8733.5419921875,1.0486154556274414,1.0477551221847534,1.0484479665756226,1.0485996007919312
2.41,-14868.328125,-5893.7802734375,-2375.396240234375,-8732.662109375,1.048615574836731,1.0477551221847534,1.048447847366333,1.0485996007919312
2.42,-14865.5390625,-5893.5048828125,-2375.16552734375,-8731.7001953125,1.048615574836731,1.0477551221847534,1.048447847366333,1.0485996007919312
2.43,-14862.6845703125,-5893.14208984375,-2374.84814453125,-8730.66015625,1.0486156940460205,1.0477551221847534,1.048447847366333,1.0485997200012207
2.44,-14859.787109375,-5892.70751953125,-2374.45751953125,-8729.556640625,1.04861581325531,1.0477551221847534,1.048447847366333,1.0485997200012207
2.45,-14856.87109375,-5892.21630859375,-2374.024169921875,-8728.416015625,1.0486159324645996,1.0477551221847534,1.048447847366333,1.0485997200012207
2.46,-14853.958984375,-5891.69580078125,-2373.56591796875,-8727.259765625,1.0486160516738892,1.0477551221847534,1.048447847366333,1.0485997200012207
2.47,-14851.06640625,-5891.1630859375,-2373.105224609375,-8726.107421875,1.0486161708831787,1.0477551221847534,1.0484479665756226,1.0485998392105103
2.48,-14848.205078125,-5890.62939453125,-2372.651611328125,-8724.9677734375,1.0486162900924683,1.047755241394043,1.0484479665756226,1.0485998392105103
2.49,-14845.3828125,-5890.1025390625,-2372.210693359375,-8723.845703125,1.0486164093017578,1.047755241394043,1.0484479665756226,1.0485999584197998
2.5,-14842.59765625,-5889.58740234375,-2371.783935546875,-8722.748046875,1.0486165285110474,1.047755241394043,1.0484479665756226,1.0485999584197998
2.5100000000000002,-14839.8525390625,-5889.080078125,-2371.37060546875,-8721.66796875,1.0486165285110474,1.047755241394043,1.0484479665756226,1.0485999584197998
2.52,-14837.140625,-5888.58349609375,-2370.967529296875,-8720.6044921875,1.048616647720337,1.047755241394043,1.0484479665756226,1.0486000776290894
2.5300000000000002,-14829.294921875,-5885.908203125,-2368.264404296875,-8717.0595703125,1.0485994815826416,1.047742247581482,1.048437237739563,1.0485944747924805
2.54,-14827.4228515625,-5885.07763671875,-2367.835205078125,-8714.7548828125,1.0484620332717896,1.0475983619689941,1.0482648611068726,1.0484241247177124
2.5500000000000003,-14825.3681640625,-5885.26611328125,-2368.52197265625,-8714.583984375,1.0483886003494263,1.0475215911865234,1.0481725931167603,1.0483330488204956
2.56,-14821.67578125,-5884.4296875,-2368.176025390625,-8712.9599609375,1.0483496189117432,1.047480821609497,1.0481234788894653,1.0482845306396484
2.57,-14817.2958984375,-5883.18994140625,-2367.456298828125,-8710.70703125,1.0483288764953613,1.0474590063095093,1.0480972528457642,1.0482587814331055
2.58,-14812.5908203125,-5881.75927734375,-2366.57421875,-8708.166015625,1.0483180284500122,1.0474475622177124,1.0480834245681763,1.0482450723648071
2.59,-14807.7763671875,-5880.26318359375,-2365.649658203125,-8705.5205078125,1.0483123064041138,1.0474413633346558,1.0480760335922241,1.0482378005981445
2.6,-14802.9599609375,-5878.77294921875,-2364.74755859375,-8702.876953125,1.048309326171875,1.047438144683838,1.048072099685669,1.0482341051101685
2.61,-14798.19921875,-5877.3125,-2363.892822265625,-8700.2734375,1.0483077764511108,1.0474364757537842,1.0480700731277466,1.048232078552246
2.62,-14793.505859375,-5875.892578125,-2363.092529296875,-8697.7275390625,1.0483070611953735,1.0474356412887573,1.0480690002441406,1.0482311248779297
2.63,-14788.8828125,-5874.50732421875,-2362.32568359375,-8695.2333984375,1.0483068227767944,1.0474351644515991,1.0480684041976929,1.048230528831482
2.64,-14784.3173828125,-5873.14599609375,-2361.586669921875,-8692.78125,1.0483067035675049,1.04743492603302,1.0480681657791138,1.0482304096221924
2.65,-14779.798828125,-5871.80224609375,-2360.861083984375,-8690.3544921875,1.0483068227767944,1.0474348068237305,1.0480679273605347,1.0482302904129028
2.66,-14775.3193359375,-5870.46435546875,-2360.1318359375,-8687.9453125,1.0483068227767944,1.0474348068237305,1.0480679273605347,1.0482302904129028
2.67,-14770.873046875,-5869.12939453125,-2359.3984375,-8685.548828125,1.0483070611953735,1.0474348068237305,1.0480679273605347,1.0482302904129028
2.68,-14766.4619140625,-5867.79833984375,-2358.658935546875,-8683.162109375,1.048307180404663,1.04743492603302,1.0480679273605347,1.0482304096221924
2.69,-14762.078125,-5866.4716796875,-2357.910888671875,-8680.783203125,1.0483072996139526,1.04743492603302,1.0480679273605347,1.048230528831482
2.7,-14757.734375,-5865.14697265625,-2357.162353515625,-8678.421875,1.0483075380325317,1.04743492603302,1.0480679273605347,1.048230528831482
2.71,-14753.4287109375,-5863.830078125,-2356.412109375,-8676.078125,1.0483076572418213,1.0474350452423096,1.0480679273605347,1.0482306480407715
2.72,-14749.1611328125,-5862.525390625,-2355.666015625,-8673.7470703125,1.0483077764511108,1.0474350452423096,1.0480679273605347,1.048230767250061
2.73,-14744.9365234375,-5861.2314453125,-2354.924072265625,-8671.4423828125,1.04830801486969,1.0474351644515991,1.0480680465698242,1.0482308864593506
2.74,-14740.755859375,-5859.94873046875,-2354.18994140625,-8669.162109375,1.0483081340789795,1.0474351644515991,1.0480680465698242,1.0482308864593506
2.75,-14736.6181640625,-5858.6796875,-2353.463623046875,-8666.9013671875,1.0483083724975586,1.0474351644515991,1.0480680465698242,1.0482310056686401
2.7600000000000002,-14732.5263671875,-5857.42431640625,-2352.743896484375,-8664.66796875,1.0483084917068481,1.0474352836608887,1.0480680465698242,1.0482311248779297
2.77,-14728.4716796875,-5856.18017578125,-2352.031982421875,-8662.4560546875,1.0483086109161377,1.0474352836608887,1.0480681657791138,1.0482312440872192
2.7800000000000002,-14724.4619140625,-5854.94921875,-2351.328369140625,-8660.265625,1.0483088493347168,1.0474354028701782,1.0480681657791138,1.0482312440872192
2.79,-14720.490234375,-5853.732421875,-2350.631103515625,-8658.0947265625,1.0483089685440063,1.0474354028701782,1.0480681657791138,1.0482313632965088
2.8000000000000003,-14716.5625,-5852.52490234375,-2349.940673828125,-8655.94921875,1.048309087753296,1.0474354028701782,1.0480681657791138,1.0482314825057983
2.81,-14404.1318359375,-5543.9306640625,-2031.8883056640625,-8342.3125,1.0484418869018555,1.0475670099258423,1.0482008457183838,1.0483641624450684
2.82,-14759.6279296875,-5896.357421875,-2400.474853515625,-8702.7705078125,1.048329472541809,1.0474590063095093,1.0480883121490479,1.0482516288757324
2.83,-14703.5458984375,-5845.84765625,-2345.93896484375,-8647.91015625,1.0483317375183105,1.0474622249603271,1.0480904579162598,1.0482538938522339
2.84,-14701.6474609375,-5846.8505859375,-2347.06884765625,-8647.71484375,1.0483285188674927,1.0474592447280884,1.0480871200561523,1.0482505559921265
2.85,-14696.94140625,-5844.78271484375,-2345.300537109375,-8644.6494140625,1.0483269691467285,1.0474579334259033,1.0480854511260986,1.0482488870620728
2.86,-14692.97265625,-5843.4072265625,-2344.263427734375,-8642.302734375,1.0483262538909912,1.047457218170166,1.0480846166610718,1.0482481718063354
2.87,-14689.51953125,-5842.46240234375,-2343.719482421875,-8640.4521484375,1.0483258962631226,1.0474568605422974,1.0480841398239136,1.0482476949691772
2.88,-14686.3173828125,-5841.744140625,-2343.40283203125,-8638.8388671875,1.048325777053833,1.0474567413330078,1.0480839014053345,1.0482475757598877
2.89,-14683.2333984375,-5841.1279296875,-2343.175048828125,-8637.32421875,1.048325777053833,1.0474566221237183,1.048083782196045,1.0482474565505981
2.9,-14680.1591796875,-5840.5185546875,-2342.934326171875,-8635.810546875,1.048325777053833,1.0474566221237183,1.048083782196045,1.0482474565505981
2.91,-14677.046875,-5839.85888671875,-2342.62353515625,-8634.2392578125,1.0483258962631226,1.0474566221237183,1.0480836629867554,1.0482475757598877
2.92,-14673.8701171875,-5839.11865234375,-2342.222412109375,-8632.5927734375,1.048326015472412,1.0474566221237183,1.0480836629867554,1.0482475757598877
2.93,-14670.6376953125,-5838.30078125,-2341.733642578125,-8630.875,1.0483261346817017,1.0474566221237183,1.0480836629867554,1.0482475757598877
2.94,-14667.369140625,-5837.41552734375,-2341.182373046875,-8629.10546875,1.0483262538909912,1.0474566221237183,1.048083782196045,1.0482476949691772
2.95,-14664.0908203125,-5836.48583984375,-2340.592529296875,-8627.3125,1.0483263731002808,1.0474566221237183,1.048083782196045,1.0482476949691772
2.96,-14660.8271484375,-5835.5361328125,-2339.98681640625,-8625.515625,1.0483264923095703,1.0474567413330078,1.048083782196045,1.0482478141784668
2.97,-14657.58984375,-5834.578125,-2339.3876953125,-8623.734375,1.0483266115188599,1.0474567413330078,1.048083782196045,1.0482479333877563
2.98,-14654.39453125,-5833.6328125,-2338.79638671875,-8621.9755859375,1.0483267307281494,1.0474567413330078,1.048083782196045,1.0482479333877563
2.99,-14651.244140625,-5832.7001953125,-2338.2275390625,-8620.248046875,1.048326849937439,1.0474568605422974,1.048083782196045,1.048248052597046
3.0,-14648.1396484375,-5831.7861328125,-2337.673828125,-8618.5498046875,1.0483269691467285,1.0474568605422974,1.0480839014053345,1.048248052597046
3.0100000000000002,-14645.076171875,-5830.88623046875,-2337.135498046875,-8616.87890625,1.048327088356018,1.0474568605422974,1.0480839014053345,1.0482481718063354
3.02,-14642.0478515625,-5829.9970703125,-2336.608642578125,-8615.23046875,1.0483272075653076,1.047456979751587,1.0480839014053345,1.0482481718063354
3.0300000000000002,-14639.0537109375,-5829.11962890625,-2336.090576171875,-8613.599609375,1.0483273267745972,1.047456979751587,1.0480839014053345,1.048248291015625
3.04,-14636.08984375,-5828.24755859375,-2335.57470703125,-8611.986328125,1.0483274459838867,1.047456979751587,1.0480839014053345,1.048248291015625
3.0500000000000003,-14633.1494140625,-5827.38232421875,-2335.064208984375,-8610.3828125,1.0483275651931763,1.047456979751587,1.0480839014053345,1.0482484102249146
3.06,-14630.244140625,-5826.52490234375,-2334.55078125,-8608.7978515625,1.0483276844024658,1.0474570989608765,1.048084020614624,1.0482484102249146
3.0700000000000003,-14627.3583984375,-5825.66650390625,-2334.042724609375,-8607.2216796875,1.0483278036117554,1.0474570989608765,1.048084020614624,1.048248529434204
3.08,-14624.501953125,-5824.8193359375,-2333.535888671875,-8605.6611328125,1.048327922821045,1.0474570989608765,1.048084020614624,1.048248529434204
3.09,-14621.671875,-5823.97412109375,-2333.033935546875,-8604.1123046875,1.0483280420303345,1.047457218170166,1.048084020614624,1.0482486486434937
3.1,-14618.8720703125,-5823.13720703125,-2332.531982421875,-8602.580078125,1.048328161239624,1.047457218170166,1.048084020614624,1.0482486486434937
3.11,-14616.0986328125,-5822.30517578125,-2332.037109375,-8601.060546875,1.0483282804489136,1.047457218170166,1.048084020614624,1.0482487678527832
3.12,-14613.353515625,-5821.47998046875,-2331.547607421875,-8599.55859375,1.0483282804489136,1.047457218170166,1.0480841398239136,1.0482487678527832
3.13,-14610.63671875,-5820.66650390625,-2331.063720703125,-8598.0712890625,1.0483283996582031,1.0474573373794556,1.0480841398239136,1.0482488870620728
3.14,-14607.947265625,-5819.85693359375,-2330.5810546875,-8596.599609375,1.0483285188674927,1.0474573373794556,1.0480841398239136,1.0482488870620728
3.15,-14605.28515625,-5819.0576171875,-2330.1083984375,-8595.140625,1.0483286380767822,1.0474573373794556,1.0480841398239136,1.0482490062713623
3.16,-14602.6513671875,-5818.265625,-2329.635498046875,-8593.6982421875,1.0483287572860718,1.0474573373794556,1.0480841398239136,1.0482490062713623
3.17,-14600.0458984375,-5817.48291015625,-2329.167236328125,-8592.2705078125,1.0483288764953613,1.0474574565887451,1.0480841398239136,1.0482491254806519
3.18,-14597.4658203125,-5816.70458984375,-2328.707763671875,-8590.8564453125,1.0483289957046509,1.0474574565887451,1.0480842590332031,1.0482491254806519
3.19,-14594.912109375,-5815.9365234375,-2328.2490234375,-8589.45703125,1.0483291149139404,1.0474574565887451,1.0480842590332031,1.0482492446899414
3.2,-14592.3837890625,-5815.1748046875,-2327.796142578125,-8588.0712890625,1.0483291149139404,1.0474574565887451,1.0480842590332031,1.0482492446899414
3.21,-14589.8828125,-5814.419921875,-2327.34912109375,-8586.7001953125,1.04832923412323,1.0474575757980347,1.0480842590332031,1.048249363899231
3.22,-14587.404296875,-5813.67333984375,-2326.90576171875,-8585.3408203125,1.0483293533325195,1.0474575757980347,1.0480842590332031,1.048249363899231
3.23,-14584.953125,-5812.93408203125,-2326.464599609375,-8583.9970703125,1.048329472541809,1.0474575757980347,1.0480842590332031,1.0482494831085205
3.24,-14582.5283203125,-5812.2021484375,-2326.032470703125,-8582.666015625,1.0483295917510986,1.0474575757980347,1.0480842590332031,1.0482494831085205
3.25,-14580.126953125,-5811.47705078125,-2325.598388671875,-8581.34765625,1.0483295917510986,1.0474576950073242,1.0480843782424927,1.0482494831085205
3.2600000000000002,-14577.7490234375,-5810.75927734375,-2325.171630859375,-8580.0458984375,1.0483297109603882,1.0474576950073242,1.0480843782424927,1.04824960231781
3.27,-14575.3974609375,-5810.04736328125,-2324.74951171875,-8578.7529296875,1.0483298301696777,1.0474576950073242,1.0480843782424927,1.04824960231781
3.2800000000000002,-14573.068359375,-5809.34326171875,-2324.33203125,-8577.4765625,1.0483299493789673,1.0474576950073242,1.0480843782424927,1.0482497215270996
3.29,-14570.763671875,-5808.64892578125,-2323.917724609375,-8576.2119140625,1.0483300685882568,1.0474578142166138,1.0480843782424927,1.0482497215270996
3.3000000000000003,-14568.4833984375,-5807.95751953125,-2323.5068359375,-8574.9599609375,1.0483300685882568,1.0474578142166138,1.0480843782424927,1.0482498407363892
3.31,-14256.0224609375,-5498.18505859375,-2004.11083984375,-8260.52734375,1.0484634637832642,1.0475900173187256,1.0482177734375,1.0483832359313965
3.3200000000000003,-14617.494140625,-5855.029296875,-2377.345458984375,-8626.1259765625,1.0483481884002686,1.0474797487258911,1.0481023788452148,1.0482680797576904
3.33,-14561.060546875,-5803.34521484375,-2321.109130859375,-8570.2001953125,1.0483499765396118,1.0474824905395508,1.0481040477752686,1.0482698678970337
3.34,-14560.5625,-5804.75048828125,-2322.340087890625,-8570.712890625,1.0483462810516357,1.0474793910980225,1.0481003522872925,1.0482661724090576
3.35,-14557.3681640625,-5803.13818359375,-2320.80712890625,-8568.4736328125,1.0483444929122925,1.0474778413772583,1.0480984449386597,1.0482643842697144
3.36,-14554.8779296875,-5802.20556640625,-2319.981689453125,-8566.9130859375,1.048343539237976,1.0474770069122314,1.0480974912643433,1.048263430595398
3.37,-14552.91796875,-5801.72021484375,-2319.67626953125,-8565.8681640625,1.0483431816101074,1.0474766492843628,1.048097014427185,1.0482629537582397
3.38,-14551.1884765625,-5801.45068359375,-2319.593505859375,-8565.046875,1.0483429431915283,1.0474764108657837,1.048096776008606,1.0482627153396606
3.39,-14549.548828125,-5801.27685546875,-2319.588623046875,-8564.3095703125,1.0483428239822388,1.0474762916564941,1.0480965375900269,1.048262596130371
3.4,-14547.900390625,-5801.09912109375,-2319.556884765625,-8563.5537109375,1.0483428239822388,1.0474762916564941,1.0480965375900269,1.048262596130371
3.41,-14546.1865234375,-5800.8603515625,-2319.449462890625,-8562.7294921875,1.0483429431915283,1.0474762916564941,1.0480965375900269,1.048262596130371
3.42,-14544.39453125,-5800.5361328125,-2319.243896484375,-8561.822265625,1.0483429431915283,1.0474762916564941,1.0480964183807373,1.048262596130371
3.43,-14542.53515625,-5800.12890625,-2318.95263671875,-8560.8369140625,1.0483429431915283,1.0474762916564941,1.0480964183807373,1.048262596130371
3.44,-14540.6337890625,-5799.6572265625,-2318.60595703125,-8559.798828125,1.0483430624008179,1.0474762916564941,1.0480964183807373,1.048262596130371
3.45,-14538.7119140625,-5799.14306640625,-2318.22265625,-8558.7333984375,1.0483431816101074,1.0474762916564941,1.0480964183807373,1.0482627153396606
3.46,-14536.7958984375,-5798.60498046875,-2317.827880859375,-8557.6640625,1.0483431816101074,1.0474762916564941,1.0480965375900269,1.0482627153396606
3.47,-14534.9033203125,-5798.06689453125,-2317.44189453125,-8556.6064453125,1.048343300819397,1.0474762916564941,1.0480965375900269,1.0482627153396606
3.48,-14533.0419921875,-5797.5322265625,-2317.07275390625,-8555.57421875,1.048343300819397,1.0474762916564941,1.0480965375900269,1.0482628345489502
3.49,-14531.216796875,-5797.01171875,-2316.720947265625,-8554.5625,1.0483434200286865,1.0474762916564941,1.0480965375900269,1.0482628345489502
3.5,-14529.423828125,-5796.50732421875,-2316.38671875,-8553.5791015625,1.048343539237976,1.0474764108657837,1.0480965375900269,1.0482628345489502
3.5100000000000002,-14527.66015625,-5796.01513671875,-2316.0673828125,-8552.61328125,1.048343539237976,1.0474764108657837,1.0480965375900269,1.0482629537582397
3.52,-14525.919921875,-5795.5322265625,-2315.758544921875,-8551.6669921875,1.0483436584472656,1.0474764108657837,1.0480965375900269,1.0482629537582397
3.5300000000000002,-14524.203125,-5795.0546875,-2315.457763671875,-8550.732421875,1.0483436584472656,1.0474764108657837,1.0480965375900269,1.0482629537582397
3.54,-14522.5029296875,-5794.5810546875,-2315.155517578125,-8549.8056640625,1.0483437776565552,1.0474764108657837,1.0480965375900269,1.0482630729675293
3.5500000000000003,-14520.8154296875,-5794.1123046875,-2314.857666015625,-8548.8857421875,1.0483437776565552,1.0474764108657837,1.0480965375900269,1.0482630729675293
3.56,-14519.146484375,-5793.64208984375,-2314.5556640625,-8547.97265625,1.0483438968658447,1.0474764108657837,1.0480966567993164,1.0482630729675293
3.5700000000000003,-14517.4892578125,-5793.1708984375,-2314.25927734375,-8547.06640625,1.0483438968658447,1.0474765300750732,1.0480966567993164,1.0482630729675293
3.58,-14515.845703125,-5792.7041015625,-2313.962646484375,-8546.1669921875,1.0483440160751343,1.0474765300750732,1.0480966567993164,1.0482631921768188
3.59,-14514.220703125,-5792.23974609375,-2313.66650390625,-8545.275390625,1.0483441352844238,1.0474765300750732,1.0480966567993164,1.0482631921768188
3.6,-14512.6083984375,-5791.77734375,-2313.372802734375,-8544.3935546875,1.0483441352844238,1.0474765300750732,1.0480966567993164,1.0482631921768188
3.61,-14511.015625,-5791.3193359375,-2313.081298828125,-8543.5185546875,1.0483442544937134,1.0474765300750732,1.0480966567993164,1.0482633113861084
3.62,-14509.4365234375,-5790.86474609375,-2312.79345703125,-8542.65234375,1.0483442544937134,1.0474765300750732,1.0480966567993164,1.0482633113861084
3.63,-14507.876953125,-5790.41552734375,-2312.507080078125,-8541.796875,1.048344373703003,1.0474766492843628,1.0480966567993164,1.0482633113861084
3.64,-14506.333984375,-5789.97021484375,-2312.2275390625,-8540.94921875,1.048344373703003,1.0474766492843628,1.0480966567993164,1.048263430595398
3.65,-14504.8046875,-5789.53076171875,-2311.949462890625,-8540.1103515625,1.0483444929122925,1.0474766492843628,1.0480966567993164,1.048263430595398
3.66,-14503.291015625,-5789.09326171875,-2311.6728515625,-8539.28125,1.0483444929122925,1.0474766492843628,1.048096776008606,1.048263430595398
3.67,-14501.794921875,-5788.6591796875,-2311.399169921875,-8538.4599609375,1.048344612121582,1.0474766492843628,1.048096776008606,1.048263430595398
3.68,-14500.314453125,-5788.2333984375,-2311.12939453125,-8537.6474609375,1.048344612121582,1.0474766492843628,1.048096776008606,1.0482635498046875
3.69,-14498.84765625,-5787.8076171875,-2310.86328125,-8536.8408203125,1.0483447313308716,1.0474766492843628,1.048096776008606,1.0482635498046875
3.7,-14497.396484375,-5787.38916015625,-2310.59765625,-8536.0458984375,1.0483447313308716,1.0474767684936523,1.048096776008606,1.0482635498046875
3.71,-14495.9599609375,-5786.97216796875,-2310.334716796875,-8535.2568359375,1.0483448505401611,1.0474767684936523,1.048096776008606,1.0482635498046875
3.72,-14494.5361328125,-5786.56005859375,-2310.07666015625,-8534.4765625,1.0483448505401611,1.0474767684936523,1.048096776008606,1.048263669013977
3.73,-14493.130859375,-5786.150390625,-2309.820068359375,-8533.703125,1.0483449697494507,1.0474767684936523,1.048096776008606,1.048263669013977
3.74,-14491.736328125,-5785.7470703125,-2309.56494140625,-8532.9365234375,1.0483449697494507,1.0474767684936523,1.048096776008606,1.048263669013977
3.75,-14490.359375,-5785.34765625,-2309.314697265625,-8532.181640625,1.0483449697494507,1.0474767684936523,1.048096776008606,1.048263669013977
3.7600000000000002,-14488.9931640625,-5784.951171875,-2309.065185546875,-8531.4326171875,1.0483450889587402,1.0474767684936523,1.048096776008606,1.0482637882232666
3.77,-14487.640625,-5784.56005859375,-2308.817138671875,-8530.6875,1.0483450889587402,1.0474767684936523,1.048096776008606,1.0482637882232666
3.7800000000000002,-14486.3056640625,-5784.1689453125,-2308.5732421875,-8529.9541015625,1.0483452081680298,1.047476887702942,1.0480968952178955,1.0482637882232666
3.79,-14484.9814453125,-5783.7861328125,-2308.33203125,-8529.2265625,1.0483452081680298,1.047476887702942,1.0480968952178955,1.0482637882232666
3.8000000000000003,-14485.1474609375,-5784.19482421875,-2309.0,-8529.673828125,1.0483592748641968,1.0474879741668701,1.0481102466583252,1.0482757091522217
3.81,-14171.3232421875,-5472.6728515625,-1987.543701171875,-8213.5791015625,1.0485175848007202,1.0476419925689697,1.0482714176177979,1.0484356880187988
3.8200000000000003,-14538.201171875,-5833.64453125,-2365.304931640625,-8583.8681640625,1.048412561416626,1.0475404262542725,1.0481678247451782,1.048331618309021
3.83,-14480.93359375,-5780.69140625,-2307.1630859375,-8526.69921875,1.0484206676483154,1.047548770904541,1.048176646232605,1.0483402013778687
3.84,-14481.578125,-5782.4345703125,-2308.443115234375,-8527.8017578125,1.0484204292297363,1.047548532485962,1.048176884651184,1.0483403205871582
3.85,-14479.75,-5781.24169921875,-2307.1611328125,-8526.3154296875,1.0484203100204468,1.047548532485962,1.048176884651184,1.0483402013778687
3.86,-14478.583984375,-5780.73046875,-2306.54150390625,-8525.4951171875,1.0484203100204468,1.047548532485962,1.0481770038604736,1.0483403205871582
3.87,-14477.97265625,-5780.681640625,-2306.46875,-8525.212890625,1.0484203100204468,1.047548532485962,1.0481771230697632,1.0483404397964478
3.88,-14477.56640625,-5780.83984375,-2306.601318359375,-8525.1337890625,1.0484203100204468,1.047548532485962,1.0481771230697632,1.0483404397964478
3.89,-14477.2265625,-5781.07177734375,-2306.790771484375,-8525.1162109375,1.0484204292297363,1.047548532485962,1.0481771230697632,1.0483404397964478
3.9,-14476.8466796875,-5781.29150390625,-2306.9384765625,-8525.060546875,1.0484204292297363,1.047548532485962,1.0481771230697632,1.0483404397964478
3.91,-14476.384765625,-5781.4345703125,-2306.998291015625,-8524.9208984375,1.0484204292297363,1.047548532485962,1.0481771230697632,1.0483404397964478
3.92,-14475.83203125,-5781.490234375,-2306.959228515625,-8524.6904296875,1.0484204292297363,1.047548532485962,1.0481771230697632,1.0483404397964478
3.93,-14475.2001953125,-5781.46533203125,-2306.83740234375,-8524.3779296875,1.0484204292297363,1.047548532485962,1.0481771230697632,1.0483404397964478
3.94,-14474.5205078125,-5781.3720703125,-2306.660400390625,-8524.013671875,1.0484204292297363,1.047548532485962,1.0481771230697632,1.0483404397964478
3.95,-14473.8193359375,-5781.24365234375,-2306.45849609375,-8523.625,1.0484205484390259,1.047548532485962,1.0481771230697632,1.0483405590057373
3.96,-14473.12109375,-5781.09375,-2306.2529296875,-8523.2353515625,1.0484205484390259,1.047548532485962,1.0481771230697632,1.0483405590057373
3.97,-14472.4365234375,-5780.94140625,-2306.060546875,-8522.8583984375,1.0484205484390259,1.047548532485962,1.0481771230697632,1.0483405590057373
3.98,-14471.7802734375,-5780.798828125,-2305.887451171875,-8522.5,1.0484205484390259,1.047548532485962,1.0481771230697632,1.0483405590057373
3.99,-14471.15234375,-5780.66748046875,-2305.73681640625,-8522.1650390625,1.0484205484390259,1.047548532485962,1.0481771230697632,1.0483405590057373
4.0,-14470.5439453125,-5780.55029296875,-2305.60302734375,-8521.8515625,1.0484206676483154,1.047548532485962,1.0481771230697632,1.0483405590057373
4.01,-14469.9580078125,-5780.4423828125,-2305.486328125,-8521.5537109375,1.0484206676483154,1.047548532485962,1.0481771230697632,1.0483405590057373
4.0200000000000005,-14469.3837890625,-5780.34228515625,-2305.3740234375,-8521.2646484375,1.0484206676483154,1.047548532485962,1.0481771230697632,1.0483405590057373
4.03,-14468.8173828125,-5780.24462890625,-2305.271484375,-8520.9814453125,1.0484206676483154,1.047548532485962,1.0481772422790527,1.0483405590057373
4.04,-14468.2587890625,-5780.14599609375,-2305.165283203125,-8520.7021484375,1.0484206676483154,1.047548532485962,1.0481772422790527,1.0483406782150269
4.05,-14467.70703125,-5780.04736328125,-2305.0625,-8520.4228515625,1.048420786857605,1.047548532485962,1.0481772422790527,1.0483406782150269
4.0600000000000005,-14467.154296875,-5779.94482421875,-2304.95361328125,-8520.14453125,1.048420786857605,1.047548532485962,1.0481772422790527,1.0483406782150269
4.07,-14466.6044921875,-5779.83984375,-2304.848388671875,-8519.869140625,1.048420786857605,1.0475486516952515,1.0481772422790527,1.0483406782150269
4.08,-14466.060546875,-5779.734375,-2304.73974609375,-8519.59375,1.048420786857605,1.0475486516952515,1.0481772422790527,1.0483406782150269
4.09,-14465.521484375,-5779.6279296875,-2304.632568359375,-8519.318359375,1.048420786857605,1.0475486516952515,1.0481772422790527,1.0483406782150269
4.1,-14464.98828125,-5779.521484375,-2304.528564453125,-8519.0478515625,1.048420786857605,1.0475486516952515,1.0481772422790527,1.0483406782150269
4.11,-14464.4609375,-5779.41748046875,-2304.421875,-8518.7802734375,1.0484209060668945,1.0475486516952515,1.0481772422790527,1.0483406782150269
4.12,-14463.939453125,-5779.31103515625,-2304.321044921875,-8518.517578125,1.0484209060668945,1.0475486516952515,1.0481772422790527,1.0483406782150269
4.13,-14463.421875,-5779.2080078125,-2304.218994140625,-8518.2548828125,1.0484209060668945,1.0475486516952515,1.0481772422790527,1.0483406782150269
4.14,-14462.912109375,-5779.10595703125,-2304.117919921875,-8517.99609375,1.0484209060668945,1.0475486516952515,1.0481772422790527,1.0483406782150269
4.15,-14462.4111328125,-5779.0068359375,-2304.021240234375,-8517.740234375,1.0484209060668945,1.0475486516952515,1.0481772422790527,1.0483406782150269
4.16,-14461.9111328125,-5778.90380859375,-2303.924560546875,-8517.4892578125,1.048421025276184,1.0475486516952515,1.0481772422790527,1.0483407974243164
4.17,-14461.41796875,-5778.8056640625,-2303.828857421875,-8517.2412109375,1.048421025276184,1.0475486516952515,1.0481772422790527,1.0483407974243164
4.18,-14460.9306640625,-5778.7080078125,-2303.734619140625,-8516.9912109375,1.048421025276184,1.0475486516952515,1.0481772422790527,1.0483407974243164
4.19,-14460.4482421875,-5778.60888671875,-2303.642578125,-8516.748046875,1.048421025276184,1.0475486516952515,1.0481772422790527,1.0483407974243164
4.2,-14459.9697265625,-5778.51220703125,-2303.551513671875,-8516.5068359375,1.048421025276184,1.0475486516952515,1.0481772422790527,1.0483407974243164
4.21,-14459.4970703125,-5778.416015625,-2303.45849609375,-8516.2666015625,1.048421025276184,1.0475486516952515,1.0481772422790527,1.0483407974243164
4.22,-14459.0302734375,-5778.322265625,-2303.36572265625,-8516.033203125,1.048421025276184,1.0475486516952515,1.0481772422790527,1.0483407974243164
4.23,-14458.56640625,-5778.2275390625,-2303.277587890625,-8515.796875,1.0484211444854736,1.0475486516952515,1.0481772422790527,1.0483407974243164
4.24,-14458.1064453125,-5778.13232421875,-2303.189453125,-8515.5634765625,1.0484211444854736,1.0475486516952515,1.0481772422790527,1.0483407974243164
4.25,-14457.654296875,-5778.0419921875,-2303.099609375,-8515.3349609375,1.0484211444854736,1.0475486516952515,1.0481772422790527,1.0483407974243164
4.26,-14457.20703125,-5777.94970703125,-2303.014404296875,-8515.107421875,1.0484211444854736,1.0475486516952515,1.0481772422790527,1.0483407974243164
4.2700000000000005,-14456.7626953125,-5777.859375,-2302.927001953125,-8514.8828125,1.0484211444854736,1.0475486516952515,1.0481772422790527,1.0483407974243164
4.28,-14456.3232421875,-5777.76904296875,-2302.843994140625,-8514.6611328125,1.0484211444854736,1.0475486516952515,1.0481772422790527,1.048340916633606
4.29,-14455.8857421875,-5777.67919921875,-2302.76171875,-8514.4404296875,1.0484212636947632,1.0475486516952515,1.0481772422790527,1.048340916633606
4.3,-14455.4560546875,-5777.59130859375,-2302.676513671875,-8514.22265625,1.0484212636947632,1.0475486516952515,1.0481772422790527,1.048340916633606
4.3100000000000005,-14141.6455078125,-5465.19775390625,-1980.40185546875,-8197.65234375,1.048555850982666,1.047682285308838,1.0483119487762451,1.0484755039215088
4.32,-14513.654296875,-5830.54296875,-2362.824951171875,-8572.9365234375,1.0484349727630615,1.0475670099258423,1.0481910705566406,1.0483548641204834
4.33,-14454.9326171875,-5776.01025390625,-2302.760498046875,-8514.025390625,1.0484355688095093,1.0475687980651855,1.0481915473937988,1.0483554601669312
4.34,-14455.796875,-5777.73193359375,-2303.91796875,-8515.1240234375,1.048431396484375,1.047565221786499,1.0481873750686646,1.0483512878417969
4.3500000000000005,-14454.2939453125,-5776.611328125,-2302.671142578125,-8513.8095703125,1.048429012298584,1.0475633144378662,1.0481849908828735,1.0483490228652954
4.36,-14453.3974609375,-5776.13818359375,-2302.03955078125,-8513.0888671875,1.048427939414978,1.0475623607635498,1.0481839179992676,1.0483478307724
4.37,-14453.072265625,-5776.15576171875,-2301.9951171875,-8512.9375,1.0484273433685303,1.0475618839263916,1.0481833219528198,1.0483472347259521
4.38,-14452.947265625,-5776.37939453125,-2302.1552734375,-8512.9873046875,1.0484269857406616,1.047561526298523,1.0481829643249512,1.048346996307373
4.39,-14452.8759765625,-5776.67578125,-2302.3701171875,-8513.09375,1.048426866531372,1.0475614070892334,1.0481828451156616,1.048346757888794
4.4,-14452.76171875,-5776.94921875,-2302.53857421875,-8513.15625,1.0484267473220825,1.0475612878799438,1.048182725906372,1.0483466386795044
4.41,-14452.5537109375,-5777.150390625,-2302.614990234375,-8513.12890625,1.048426628112793,1.0475612878799438,1.0481826066970825,1.0483466386795044
4.42,-14452.2490234375,-5777.2568359375,-2302.59033203125,-8513.0048828125,1.048426628112793,1.0475612878799438,1.0481826066970825,1.0483466386795044
4.43,-14451.8662109375,-5777.28173828125,-2302.4853515625,-8512.8037109375,1.048426628112793,1.0475612878799438,1.0481826066970825,1.0483466386795044
4.44,-14451.4345703125,-5777.2451171875,-2302.32666015625,-8512.5517578125,1.048426628112793,1.0475612878799438,1.0481826066970825,1.0483466386795044
4.45,-14450.9833984375,-5777.1708984375,-2302.150390625,-8512.2744140625,1.048426628112793,1.0475612878799438,1.0481826066970825,1.0483466386795044
4.46,-14450.537109375,-5777.0810546875,-2301.968994140625,-8512.0,1.0484267473220825,1.0475612878799438,1.0481826066970825,1.0483466386795044
4.47,-14450.111328125,-5776.998046875,-2301.808349609375,-8511.744140625,1.0484267473220825,1.0475612878799438,1.0481826066970825,1.0483466386795044
4.48,-14449.70703125,-5776.91943359375,-2301.670654296875,-8511.5107421875,1.0484267473220825,1.0475612878799438,1.0481826066970825,1.0483466386795044
4.49,-14449.3330078125,-5776.85888671875,-2301.55859375,-8511.302734375,1.0484267473220825,1.0475612878799438,1.0481826066970825,1.0483466386795044
4.5,-14448.984375,-5776.8125,-2301.464111328125,-8511.11328125,1.0484267473220825,1.0475612878799438,1.0481826066970825,1.0483466386795044
4.51,-14448.6513671875,-5776.7763671875,-2301.38623046875,-8510.9423828125,1.0484267473220825,1.0475612878799438,1.0481826066970825,1.0483466386795044
4.5200000000000005,-14448.3291015625,-5776.74609375,-2301.318115234375,-8510.78125,1.0484267473220825,1.0475612878799438,1.0481826066970825,1.0483466386795044
4.53,-14448.015625,-5776.72021484375,-2301.254150390625,-8510.625,1.0484267473220825,1.0475612878799438,1.0481826066970825,1.0483466386795044
4.54,-14447.70703125,-5776.69189453125,-2301.19287109375,-8510.470703125,1.048426866531372,1.0475612878799438,1.0481826066970825,1.0483466386795044
4.55,-14447.3974609375,-5776.6640625,-2301.12939453125,-8510.3173828125,1.048426866531372,1.0475612878799438,1.0481826066970825,1.0483466386795044
4.5600000000000005,-14447.091796875,-5776.6337890625,-2301.066650390625,-8510.166015625,1.048426866531372,1.0475612878799438,1.0481826066970825,1.0483466386795044
4.57,-14446.787109375,-5776.6005859375,-2301.00048828125,-8510.0107421875,1.048426866531372,1.0475612878799438,1.0481826066970825,1.0483466386795044
4.58,-14446.4853515625,-5776.5654296875,-2300.93359375,-8509.8564453125,1.048426866531372,1.0475612878799438,1.0481826066970825,1.0483466386795044
4.59,-14446.18359375,-5776.52978515625,-2300.86767578125,-8509.7041015625,1.048426866531372,1.0475612878799438,1.0481826066970825,1.048346757888794
4.6000000000000005,-14445.88671875,-5776.49267578125,-2300.8056640625,-8509.5546875,1.048426866531372,1.0475612878799438,1.0481826066970825,1.048346757888794
4.61,-14445.5927734375,-5776.455078125,-2300.74169921875,-8509.40625,1.048426866531372,1.0475612878799438,1.0481826066970825,1.048346757888794
4.62,-14445.3056640625,-5776.41748046875,-2300.6787109375,-8509.2587890625,1.048426866531372,1.0475612878799438,1.0481826066970825,1.048346757888794
4.63,-14445.0185546875,-5776.38427734375,-2300.621826171875,-8509.1171875,1.048426866531372,1.0475612878799438,1.0481826066970825,1.048346757888794
4.64,-14444.7392578125,-5776.34912109375,-2300.560302734375,-8508.978515625,1.0484269857406616,1.0475612878799438,1.0481826066970825,1.048346757888794
4.65,-14444.4609375,-5776.314453125,-2300.506591796875,-8508.8369140625,1.0484269857406616,1.0475612878799438,1.0481826066970825,1.048346757888794
4.66,-14444.1875,-5776.2802734375,-2300.449951171875,-8508.7001953125,1.0484269857406616,1.0475612878799438,1.0481826066970825,1.048346757888794
4.67,-14443.916015625,-5776.24853515625,-2300.394775390625,-8508.5673828125,1.0484269857406616,1.0475612878799438,1.0481826066970825,1.048346757888794
4.68,-14443.6474609375,-5776.2158203125,-2300.342529296875,-8508.4326171875,1.0484269857406616,1.0475612878799438,1.0481826066970825,1.048346757888794
4.69,-14443.3828125,-5776.18310546875,-2300.287353515625,-8508.2998046875,1.0484269857406616,1.0475612878799438,1.048182725906372,1.048346757888794
4.7,-14443.1201171875,-5776.150390625,-2300.2353515625,-8508.1689453125,1.0484269857406616,1.0475612878799438,1.048182725906372,1.048346757888794
4.71,-14442.861328125,-5776.11865234375,-2300.18359375,-8508.04296875,1.0484269857406616,1.0475612878799438,1.048182725906372,1.048346757888794
4.72,-14442.60546875,-5776.0869140625,-2300.131103515625,-8507.9130859375,1.0484269857406616,1.0475612878799438,1.048182725906372,1.048346757888794
4.73,-14442.3505859375,-5776.05615234375,-2300.08056640625,-8507.787109375,1.0484269857406616,1.0475612878799438,1.048182725906372,1.048346757888794
4.74,-14442.09765625,-5776.0224609375,-2300.030517578125,-8507.6611328125,1.0484269857406616,1.0475612878799438,1.048182725906372,1.048346757888794
4.75,-14441.8505859375,-5775.99365234375,-2299.980224609375,-8507.5380859375,1.0484269857406616,1.0475612878799438,1.048182725906372,1.048346757888794
4.76,-14441.6044921875,-5775.96337890625,-2299.931884765625,-8507.416015625,1.0484271049499512,1.0475612878799438,1.048182725906372,1.048346757888794
4.7700000000000005,-14441.359375,-5775.931640625,-2299.88330078125,-8507.2958984375,1.0484271049499512,1.0475612878799438,1.048182725906372,1.048346757888794
4.78,-14441.12109375,-5775.9013671875,-2299.8349609375,-8507.1748046875,1.0484271049499512,1.0475612878799438,1.048182725906372,1.048346757888794
4.79,-14440.8818359375,-5775.87158203125,-2299.788330078125,-8507.0576171875,1.0484271049499512,1.0475612878799438,1.048182725906372,1.048346757888794
4.8,-14440.6474609375,-5775.84228515625,-2299.743408203125,-8506.939453125,1.0484271049499512,1.0475612878799438,1.048182725906372,1.048346757888794
4.8100000000000005,-14125.4912109375,-5461.8955078125,-1975.9324951171875,-8188.90234375,1.0485622882843018,1.047695517539978,1.0483180284500122,1.0484821796417236
4.82,-14502.3466796875,-5831.41796875,-2363.153076171875,-8568.7685546875,1.0484384298324585,1.0475778579711914,1.0481940507888794,1.0483585596084595
4.83,-14441.5849609375,-5775.08544921875,-2300.858154296875,-8507.8349609375,1.048438310623169,1.0475791692733765,1.0481939315795898,1.048358678817749
4.84,-14442.3271484375,-5776.697265625,-2301.75341796875,-8508.7607421875,1.0484338998794556,1.0475753545761108,1.048189401626587,1.0483542680740356
4.8500000000000005,-14440.9990234375,-5775.6171875,-2300.55126953125,-8507.5546875,1.0484312772750854,1.047573208808899,1.0481868982315063,1.048351764678955
4.86,-14440.1943359375,-5775.14208984375,-2299.884521484375,-8506.8544921875,1.04843008518219,1.047572135925293,1.0481857061386108,1.0483505725860596
4.87,-14440.001953125,-5775.185546875,-2299.846923828125,-8506.7626953125,1.0484293699264526,1.0475716590881348,1.0481849908828735,1.0483498573303223
4.88,-14439.99609375,-5775.4296875,-2300.005859375,-8506.8623046875,1.048429012298584,1.0475713014602661,1.0481846332550049,1.0483494997024536
4.89,-14440.0390625,-5775.74169921875,-2300.21044921875,-8507.01171875,1.0484288930892944,1.0475711822509766,1.0481843948364258,1.048349380493164
4.9,-14440.0185546875,-5776.02392578125,-2300.35693359375,-8507.1064453125,1.0484287738800049,1.047571063041687,1.0481842756271362,1.0483492612838745
4.91,-14439.9033203125,-5776.2216796875,-2300.40380859375,-8507.103515625,1.0484287738800049,1.047571063041687,1.0481842756271362,1.048349142074585
4.92,-14439.6865234375,-5776.3310546875,-2300.35107421875,-8507.00390625,1.0484286546707153,1.0475709438323975,1.0481842756271362,1.048349142074585
4.93,-14439.392578125,-5776.35986328125,-2300.218017578125,-8506.8251953125,1.0484286546707153,1.0475709438323975,1.0481842756271362,1.048349142074585
4.94,-14439.0546875,-5776.32666015625,-2300.04052734375,-8506.6044921875,1.0484286546707153,1.0475709438323975,1.0481842756271362,1.048349142074585
4.95,-14438.705078125,-5776.26513671875,-2299.847412109375,-8506.3671875,1.0484286546707153,1.0475709438323975,1.0481842756271362,1.048349142074585
4.96,-14438.365234375,-5776.193359375,-2299.663818359375,-8506.134765625,1.0484286546707153,1.0475709438323975,1.0481842756271362,1.048349142074585
4.97,-14438.052734375,-5776.12939453125,-2299.503173828125,-8505.9296875,1.0484287738800049,1.0475709438323975,1.0481842756271362,1.048349142074585
4.98,-14437.76953125,-5776.0810546875,-2299.37255859375,-8505.7490234375,1.0484287738800049,1.0475709438323975,1.0481842756271362,1.048349142074585
4.99,-14437.5146484375,-5776.05029296875,-2299.270263671875,-8505.59765625,1.0484287738800049,1.0475709438323975,1.0481842756271362,1.048349142074585
5.0,-14437.2861328125,-5776.033203125,-2299.190673828125,-8505.4697265625,1.0484287738800049,1.0475709438323975,1.0481842756271362,1.048349142074585
5.01,-14437.076171875,-5776.03076171875,-2299.127685546875,-8505.3564453125,1.0484287738800049,1.0475709438323975,1.0481842756271362,1.048349142074585
5.0200000000000005,-14436.8779296875,-5776.033203125,-2299.079833984375,-8505.2568359375,1.0484287738800049,1.0475709438323975,1.0481842756271362,1.048349142074585
5.03,-14436.685546875,-5776.03857421875,-2299.02978515625,-8505.16015625,1.0484287738800049,1.0475709438323975,1.0481842756271362,1.048349142074585
5.04,-14436.498046875,-5776.04541015625,-2298.98681640625,-8505.064453125,1.0484287738800049,1.0475709438323975,1.0481842756271362,1.048349142074585
5.05,-14436.3115234375,-5776.05078125,-2298.9404296875,-8504.97265625,1.0484287738800049,1.0475709438323975,1.0481842756271362,1.048349142074585
5.0600000000000005,-14436.1240234375,-5776.0537109375,-2298.894775390625,-8504.87890625,1.0484287738800049,1.0475709438323975,1.0481842756271362,1.048349142074585
5.07,-14436.3623046875,-5776.1259765625,-2299.076904296875,-8505.1494140625,1.0484387874603271,1.0475739240646362,1.0481950044631958,1.0483590364456177
5.08,-14436.09375,-5776.10107421875,-2298.9248046875,-8504.9306640625,1.0484474897384644,1.047576665878296,1.0482052564620972,1.0483689308166504
5.09,-14435.9677734375,-5776.10302734375,-2298.856689453125,-8504.8583984375,1.0484521389007568,1.0475780963897705,1.0482107400894165,1.0483741760253906
5.1000000000000005,-14435.931640625,-5776.115234375,-2298.82666015625,-8504.8515625,1.0484546422958374,1.0475788116455078,1.0482136011123657,1.0483769178390503
5.11,-14435.9423828125,-5776.1376953125,-2298.824462890625,-8504.884765625,1.0484559535980225,1.047579288482666,1.0482151508331299,1.0483784675598145
5.12,-14435.9736328125,-5776.1630859375,-2298.826904296875,-8504.931640625,1.0484566688537598,1.0475795269012451,1.0482159852981567,1.0483791828155518
5.13,-14436.015625,-5776.189453125,-2298.83203125,-8504.9853515625,1.0484570264816284,1.0475796461105347,1.048216462135315,1.04837965965271
5.14,-14436.0595703125,-5776.21435546875,-2298.837646484375,-8505.037109375,1.0484572649002075,1.0475796461105347,1.048216700553894,1.048379898071289
5.15,-14436.1005859375,-5776.24072265625,-2298.8388671875,-8505.0888671875,1.0484572649002075,1.0475797653198242,1.0482168197631836,1.0483800172805786
5.16,-14436.142578125,-5776.26416015625,-2298.839599609375,-8505.1396484375,1.048457384109497,1.0475797653198242,1.0482168197631836,1.0483800172805786
5.17,-14436.1796875,-5776.2919921875,-2298.836669921875,-8505.1884765625,1.048457384109497,1.0475797653198242,1.0482169389724731,1.0483801364898682
5.18,-14436.2177734375,-5776.31591796875,-2298.832275390625,-8505.2353515625,1.048457384109497,1.0475797653198242,1.0482169389724731,1.0483801364898682
5.19,-14436.255859375,-5776.33837890625,-2298.82958984375,-8505.28125,1.048457384109497,1.0475797653198242,1.0482169389724731,1.0483801364898682
5.2,-14436.296875,-5776.36181640625,-2298.830078125,-8505.328125,1.048457384109497,1.0475797653198242,1.0482169389724731,1.0483801364898682
5.21,-14436.3359375,-5776.38671875,-2298.830322265625,-8505.376953125,1.048457384109497,1.0475797653198242,1.0482169389724731,1.0483801364898682
5.22,-14436.37890625,-5776.41064453125,-2298.8310546875,-8505.4267578125,1.048457384109497,1.0475797653198242,1.0482169389724731,1.0483801364898682
5.23,-14436.4208984375,-5776.43408203125,-2298.835205078125,-8505.4775390625,1.048457384109497,1.0475797653198242,1.0482169389724731,1.0483801364898682
5.24,-14436.4619140625,-5776.458984375,-2298.838134765625,-8505.525390625,1.048457384109497,1.0475797653198242,1.0482169389724731,1.0483801364898682
5.25,-14436.5048828125,-5776.4814453125,-2298.84228515625,-8505.5771484375,1.048457384109497,1.0475797653198242,1.0482169389724731,1.0483801364898682
5.26,-14436.5478515625,-5776.5068359375,-2298.84716796875,-8505.6240234375,1.048457384109497,1.0475797653198242,1.0482169389724731,1.0483801364898682
5.2700000000000005,-14436.587890625,-5776.52734375,-2298.849609375,-8505.6748046875,1.048457384109497,1.0475797653198242,1.0482169389724731,1.0483801364898682
5.28,-14436.6318359375,-5776.5517578125,-2298.853759765625,-8505.7255859375,1.048457384109497,1.0475797653198242,1.0482169389724731,1.0483801364898682
5.29,-14436.669921875,-5776.57666015625,-2298.85888671875,-8505.7734375,1.048457384109497,1.0475797653198242,1.0482169389724731,1.0483801364898682
5.3,-14436.7119140625,-5776.599609375,-2298.86572265625,-8505.8203125,1.048457384109497,1.0475797653198242,1.0482169389724731,1.0483801364898682
5.3100000000000005,-14120.314453125,-5461.15234375,-1973.55078125,-8186.453125,1.048593282699585,1.0477145910263062,1.048352837562561,1.048516035079956
5.32,-14502.0615234375,-5834.83837890625,-2365.5576171875,-8570.9912109375,1.0484663248062134,1.0475943088531494,1.0482258796691895,1.0483895540237427
5.33,-14439.33984375,-5776.71484375,-2301.047607421875,-8508.09375,1.048465609550476,1.0475951433181763,1.0482251644134521,1.048388957977295
5.34,-14439.9970703125,-5778.197265625,-2301.651123046875,-8508.89453125,1.0484609603881836,1.047590970993042,1.0482205152511597,1.0483843088150024
5.3500000000000005,-14438.9609375,-5777.13720703125,-2300.54541015625,-8507.8330078125,1.0484580993652344,1.0475887060165405,1.0482176542282104,1.0483814477920532
5.36,-14438.32421875,-5776.6484375,-2299.858154296875,-8507.2109375,1.0484567880630493,1.0475876331329346,1.0482163429260254,1.0483801364898682
5.37,-14438.341796875,-5776.7119140625,-2299.84521484375,-8507.23828125,1.048456072807312,1.0475870370864868,1.048215627670288,1.0483794212341309
5.38,-14438.5390625,-5776.96728515625,-2300.017333984375,-8507.4443359375,1.0484557151794434,1.0475866794586182,1.0482152700424194,1.0483790636062622
5.39,-14438.765625,-5777.28662109375,-2300.22705078125,-8507.6875,1.0484554767608643,1.0475865602493286,1.0482150316238403,1.048378825187683
5.4,-14438.919921875,-5777.56201171875,-2300.36572265625,-8507.865234375,1.0484553575515747,1.047586441040039,1.0482149124145508,1.0483787059783936
5.41,-14438.9697265625,-5777.7548828125,-2300.401123046875,-8507.9384765625,1.0484553575515747,1.0475863218307495,1.0482149124145508,1.0483787059783936
5.42,-14438.9169921875,-5777.853515625,-2300.33154296875,-8507.9150390625,1.0484552383422852,1.0475863218307495,1.0482147932052612,1.0483787059783936
5.43,-14438.787109375,-5777.87255859375,-2300.189697265625,-8507.814453125,1.0484552383422852,1.0475863218307495,1.0482147932052612,1.0483787059783936
5.44,-14438.6181640625,-5777.84130859375,-2300.006103515625,-8507.673828125,1.0484552383422852,1.0475863218307495,1.0482147932052612,1.048378586769104
5.45,-14438.4423828125,-5777.78076171875,-2299.814697265625,-8507.5224609375,1.0484552383422852,1.0475863218307495,1.0482147932052612,1.048378586769104
5.46,-14438.28515625,-5777.72216796875,-2299.6416015625,-8507.3896484375,1.0484552383422852,1.0475863218307495,1.0482147932052612,1.048378586769104
5.47,-14438.1552734375,-5777.67138671875,-2299.49951171875,-8507.2822265625,1.0484552383422852,1.0475863218307495,1.0482147932052612,1.0483787059783936
5.48,-14438.0576171875,-5777.64306640625,-2299.388671875,-8507.2060546875,1.0484552383422852,1.0475863218307495,1.0482147932052612,1.0483787059783936
5.49,-14437.9921875,-5777.6328125,-2299.3115234375,-8507.162109375,1.0484552383422852,1.0475863218307495,1.0482147932052612,1.0483787059783936
5.5,-14437.9560546875,-5777.64208984375,-2299.259033203125,-8507.1435546875,1.0484552383422852,1.0475863218307495,1.0482147932052612,1.0483787059783936
5.51,-14437.9375,-5777.666015625,-2299.224853515625,-8507.142578125,1.0484552383422852,1.0475863218307495,1.0482147932052612,1.0483787059783936
5.5200000000000005,-14437.927734375,-5777.69482421875,-2299.20458984375,-8507.1494140625,1.0484552383422852,1.0475863218307495,1.0482147932052612,1.0483787059783936
5.53,-14437.923828125,-5777.728515625,-2299.1875,-8507.1640625,1.0484552383422852,1.0475863218307495,1.0482147932052612,1.0483787059783936
5.54,-14437.923828125,-5777.7626953125,-2299.173828125,-8507.1787109375,1.0484552383422852,1.0475863218307495,1.0482147932052612,1.0483787059783936
5.55,-14437.9208984375,-5777.79345703125,-2299.15869140625,-8507.1962890625,1.0484552383422852,1.0475863218307495,1.0482147932052612,1.0483787059783936
5.5600000000000005,-14437.9189453125,-5777.8232421875,-2299.14501953125,-8507.208984375,1.0484552383422852,1.0475863218307495,1.0482147932052612,1.0483787059783936
5.57,-14437.916015625,-5777.8505859375,-2299.1259765625,-8507.2236328125,1.0484552383422852,1.0475863218307495,1.0482147932052612,1.0483787059783936
5.58,-14437.9140625,-5777.87646484375,-2299.112060546875,-8507.234375,1.0484552383422852,1.0475863218307495,1.0482147932052612,1.0483787059783936
5.59,-14437.912109375,-5777.9013671875,-2299.09814453125,-8507.2509765625,1.0484552383422852,1.0475863218307495,1.0482147932052612,1.0483787059783936
5.6000000000000005,-14437.9111328125,-5777.9296875,-2299.0849609375,-8507.2646484375,1.0484552383422852,1.0475863218307495,1.0482147932052612,1.0483787059783936
5.61,-14437.91015625,-5777.95458984375,-2299.0751953125,-8507.2802734375,1.0484552383422852,1.0475863218307495,1.0482147932052612,1.0483787059783936
5.62,-14437.9140625,-5777.978515625,-2299.0654296875,-8507.298828125,1.0484552383422852,1.0475863218307495,1.0482147932052612,1.0483787059783936
5.63,-14437.921875,-5778.00830078125,-2299.058349609375,-8507.3193359375,1.0484552383422852,1.0475863218307495,1.0482147932052612,1.0483787059783936
5.64,-14437.9267578125,-5778.03369140625,-2299.055419921875,-8507.3388671875,1.0484552383422852,1.0475863218307495,1.0482147932052612,1.0483787059783936
5.65,-14437.93359375,-5778.06494140625,-2299.05126953125,-8507.36328125,1.0484552383422852,1.0475863218307495,1.0482147932052612,1.0483787059783936
5.66,-14437.9443359375,-5778.091796875,-2299.047119140625,-8507.3857421875,1.0484552383422852,1.0475863218307495,1.0482147932052612,1.0483787059783936
5.67,-14437.9541015625,-5778.1201171875,-2299.045166015625,-8507.408203125,1.0484552383422852,1.0475863218307495,1.0482147932052612,1.0483787059783936
5.68,-14437.962890625,-5778.1474609375,-2299.0419921875,-8507.4326171875,1.0484552383422852,1.0475863218307495,1.0482147932052612,1.0483787059783936
5.69,-14437.97265625,-5778.1748046875,-2299.040771484375,-8507.4541015625,1.0484552383422852,1.0475863218307495,1.0482147932052612,1.048378586769104
5.7,-14437.982421875,-5778.2021484375,-2299.038818359375,-8507.48046875,1.0484552383422852,1.0475863218307495,1.0482147932052612,1.0483787059783936
5.71,-14437.9931640625,-5778.228515625,-2299.036865234375,-8507.5048828125,1.0484552383422852,1.0475863218307495,1.0482147932052612,1.0483787059783936
5.72,-14438.00390625,-5778.2568359375,-2299.0380859375,-8507.5283203125,1.0484552383422852,1.0475863218307495,1.0482147932052612,1.048378586769104
5.73,-14438.0126953125,-5778.28466796875,-2299.036865234375,-8507.5498046875,1.0484552383422852,1.0475863218307495,1.0482147932052612,1.048378586769104
5.74,-14438.021484375,-5778.31103515625,-2299.03662109375,-8507.57421875,1.0484552383422852,1.0475863218307495,1.0482147932052612,1.048378586769104
5.75,-14438.0322265625,-5778.33740234375,-2299.0380859375,-8507.595703125,1.0484552383422852,1.0475863218307495,1.0482147932052612,1.048378586769104
5.76,-14438.0439453125,-5778.3623046875,-2299.037353515625,-8507.6201171875,1.0484552383422852,1.0475863218307495,1.0482147932052612,1.048378586769104
5.7700000000000005,-14438.0537109375,-5778.388671875,-2299.037841796875,-8507.642578125,1.0484552383422852,1.0475863218307495,1.0482147932052612,1.048378586769104
5.78,-14438.0654296875,-5778.41455078125,-2299.0380859375,-8507.666015625,1.0484552383422852,1.0475863218307495,1.0482147932052612,1.048378586769104
5.79,-14438.072265625,-5778.4404296875,-2299.03662109375,-8507.6875,1.0484552383422852,1.0475863218307495,1.0482147932052612,1.048378586769104
5.8,-14438.0849609375,-5778.46728515625,-2299.038330078125,-8507.7119140625,1.0484552383422852,1.0475863218307495,1.0482147932052612,1.048378586769104
5.8100000000000005,-14746.98046875,-5461.4619140625,-2616.80224609375,-8819.6396484375,1.0483193397521973,1.0477218627929688,1.0480787754058838,1.0482425689697266
5.82,-14373.841796875,-5839.56787109375,-2233.399169921875,-8443.4765625,1.0484459400177002,1.0475987195968628,1.0482054948806763,1.0483688116073608
5.83,-14435.591796875,-5779.41259765625,-2296.861572265625,-8505.5986328125,1.048446774482727,1.047598958015442,1.0482063293457031,1.0483695268630981
5.84,-14434.8349609375,-5780.6376953125,-2296.1083984375,-8504.7890625,1.0484516620635986,1.0475945472717285,1.0482112169265747,1.0483744144439697
5.8500000000000005,-14436.0859375,-5779.57568359375,-2297.386962890625,-8506.0390625,1.0484545230865479,1.047592043876648,1.048214077949524,1.0483771562576294
5.86,-14436.7509765625,-5779.017578125,-2298.062255859375,-8506.71875,1.048455834388733,1.047590970993042,1.048215389251709,1.0483784675598145
5.87,-14436.7880859375,-5779.05224609375,-2298.089599609375,-8506.765625,1.0484565496444702,1.0475902557373047,1.0482161045074463,1.0483791828155518
5.88,-14436.6376953125,-5779.27197265625,-2297.918212890625,-8506.623046875,1.0484570264816284,1.047589898109436,1.0482165813446045,1.04837965965271
5.89,-14436.455078125,-5779.5419921875,-2297.71240234375,-8506.44140625,1.048457145690918,1.0475897789001465,1.048216700553894,1.0483797788619995
5.9,-14436.345703125,-5779.76953125,-2297.574951171875,-8506.3271484375,1.0484572649002075,1.047589659690857,1.0482168197631836,1.048379898071289
5.91,-14436.33984375,-5779.904296875,-2297.545166015625,-8506.314453125,1.048457384109497,1.0475895404815674,1.0482169389724731,1.0483800172805786
5.92,-14436.44140625,-5779.943359375,-2297.61865234375,-8506.404296875,1.048457384109497,1.0475895404815674,1.0482169389724731,1.0483800172805786
5.93,-14436.6181640625,-5779.908203125,-2297.7685546875,-8506.568359375,1.048457384109497,1.0475895404815674,1.0482169389724731,1.0483800172805786
5.94,-14436.8330078125,-5779.82470703125,-2297.959716796875,-8506.7734375,1.048457384109497,1.0475895404815674,1.0482169389724731,1.0483800172805786
5.95,-14437.0556640625,-5779.72265625,-2298.158447265625,-8506.9873046875,1.048457384109497,1.0475895404815674,1.0482169389724731,1.0483800172805786
5.96,-14437.2646484375,-5779.62451171875,-2298.34033203125,-8507.185546875,1.048457384109497,1.0475895404815674,1.0482169389724731,1.0483800172805786
5.97,-14437.4404296875,-5779.548828125,-2298.491455078125,-8507.3564453125,1.048457384109497,1.0475895404815674,1.0482169389724731,1.0483800172805786
5.98,-14437.583984375,-5779.49462890625,-2298.607177734375,-8507.4931640625,1.048457384109497,1.0475895404815674,1.0482169389724731,1.0483800172805786
5.99,-14437.689453125,-5779.46337890625,-2298.69091796875,-8507.599609375,1.048457384109497,1.0475895404815674,1.0482169389724731,1.0483800172805786
6.0,-14437.7705078125,-5779.45556640625,-2298.75146484375,-8507.677734375,1.048457384109497,1.0475895404815674,1.0482169389724731,1.0483800172805786
6.01,-14437.8349609375,-5779.4619140625,-2298.78857421875,-8507.7373046875,1.048457384109497,1.0475895404815674,1.0482169389724731,1.0483800172805786
6.0200000000000005,-14437.8857421875,-5779.4765625,-2298.814453125,-8507.7861328125,1.048457384109497,1.0475895404815674,1.0482169389724731,1.0483800172805786
6.03,-14437.9306640625,-5779.49560546875,-2298.837890625,-8507.83203125,1.048457384109497,1.0475895404815674,1.0482169389724731,1.0483800172805786
6.04,-14437.974609375,-5779.51611328125,-2298.857666015625,-8507.873046875,1.048457384109497,1.0475895404815674,1.0482169389724731,1.0483800172805786
6.05,-14438.017578125,-5779.53515625,-2298.876220703125,-8507.9150390625,1.048457384109497,1.0475895404815674,1.0482169389724731,1.0483800172805786
6.0600000000000005,-14438.0615234375,-5779.55419921875,-2298.8984375,-8507.955078125,1.048457384109497,1.0475895404815674,1.0482169389724731,1.0483800172805786
6.07,-14438.1015625,-5779.56982421875,-2298.918212890625,-8507.9990234375,1.048457384109497,1.0475895404815674,1.0482169389724731,1.0483800172805786
6.08,-14438.14453125,-5779.58642578125,-2298.940185546875,-8508.0390625,1.048457384109497,1.0475895404815674,1.0482169389724731,1.0483800172805786
6.09,-14438.1865234375,-5779.60009765625,-2298.958984375,-8508.080078125,1.048457384109497,1.0475895404815674,1.0482169389724731,1.0483800172805786
6.1000000000000005,-14438.2265625,-5779.61572265625,-2298.97509765625,-8508.1171875,1.048457384109497,1.0475895404815674,1.0482169389724731,1.0483800172805786
6.11,-14438.26171875,-5779.6328125,-2298.99267578125,-8508.154296875,1.048457384109497,1.0475895404815674,1.0482169389724731,1.0483800172805786
6.12,-14438.296875,-5779.65185546875,-2299.006103515625,-8508.1875,1.048457384109497,1.0475895404815674,1.0482169389724731,1.0483800172805786
6.13,-14438.3310546875,-5779.669921875,-2299.018798828125,-8508.2197265625,1.048457384109497,1.0475895404815674,1.0482169389724731,1.0483800172805786
6.140000000000001,-14438.3623046875,-5779.69140625,-2299.02880859375,-8508.2509765625,1.048457384109497,1.0475895404815674,1.0482169389724731,1.0483800172805786
6.15,-14438.392578125,-5779.7099609375,-2299.03759765625,-8508.2783203125,1.048457384109497,1.0475895404815674,1.0482169389724731,1.0483800172805786
6.16,-14438.4189453125,-5779.7314453125,-2299.0439453125,-8508.306640625,1.048457384109497,1.0475895404815674,1.0482169389724731,1.0483800172805786
6.17,-14438.4453125,-5779.75341796875,-2299.05126953125,-8508.3310546875,1.048457384109497,1.0475895404815674,1.0482169389724731,1.0483800172805786
6.18,-14438.4716796875,-5779.77587890625,-2299.058349609375,-8508.3564453125,1.048457384109497,1.0475895404815674,1.0482169389724731,1.0483800172805786
6.19,-14438.498046875,-5779.79638671875,-2299.063232421875,-8508.3857421875,1.048457384109497,1.0475895404815674,1.0482169389724731,1.0483800172805786
6.2,-14438.5224609375,-5779.81884765625,-2299.07177734375,-8508.408203125,1.048457384109497,1.0475895404815674,1.0482169389724731,1.0483800172805786
6.21,-14438.5478515625,-5779.83837890625,-2299.07470703125,-8508.43359375,1.048457384109497,1.0475895404815674,1.0482169389724731,1.0483800172805786
6.22,-14438.5712890625,-5779.8583984375,-2299.07861328125,-8508.45703125,1.048457384109497,1.0475895404815674,1.0482169389724731,1.0483800172805786
6.23,-14438.5966796875,-5779.88134765625,-2299.083740234375,-8508.4794921875,1.048457384109497,1.0475895404815674,1.0482169389724731,1.0483800172805786
6.24,-14438.619140625,-5779.900390625,-2299.090087890625,-8508.5029296875,1.048457384109497,1.0475895404815674,1.0482169389724731,1.0483800172805786
6.25,-14438.6416015625,-5779.9208984375,-2299.093505859375,-8508.525390625,1.048457384109497,1.0475895404815674,1.0482169389724731,1.0483800172805786
6.26,-14438.6650390625,-5779.943359375,-2299.09765625,-8508.5478515625,1.048457384109497,1.0475895404815674,1.0482169389724731,1.0483800172805786
6.2700000000000005,-14438.6865234375,-5779.96240234375,-2299.103271484375,-8508.568359375,1.048457384109497,1.0475895404815674,1.0482169389724731,1.0483800172805786
6.28,-14438.708984375,-5779.98193359375,-2299.1064453125,-8508.591796875,1.048457384109497,1.0475895404815674,1.0482169389724731,1.0483800172805786
6.29,-14438.73046875,-5780.0029296875,-2299.108154296875,-8508.6123046875,1.048457384109497,1.0475895404815674,1.0482169389724731,1.0483800172805786
6.3,-14438.75,-5780.02294921875,-2299.11328125,-8508.6328125,1.048457384109497,1.0475895404815674,1.0482169389724731,1.0483800172805786
6.3100000000000005,-14746.24609375,-5461.4697265625,-2615.427490234375,-8819.1025390625,1.0483219623565674,1.0477256774902344,1.0480815172195435,1.048244595527649
6.32,-14377.5595703125,-5843.9521484375,-2236.58154296875,-8447.5537109375,1.0484455823898315,1.0475997924804688,1.0482051372528076,1.0483678579330444
6.33,-14437.1240234375,-5781.7626953125,-2297.813720703125,-8507.4052734375,1.0484458208084106,1.0475994348526,1.0482054948806763,1.0483678579330444
6.34,-14436.484375,-5782.80810546875,-2297.03466796875,-8506.7861328125,1.0484544038772583,1.0475965738296509,1.0482138395309448,1.0483776330947876
6.3500000000000005,-14437.5615234375,-5781.70654296875,-2298.176513671875,-8507.783203125,1.0484635829925537,1.0475969314575195,1.048223614692688,1.0483908653259277
6.36,-14438.1640625,-5781.0673828125,-2298.759765625,-8508.365234375,1.0484683513641357,1.0475972890853882,1.0482286214828491,1.0483977794647217
6.37,-14438.2451171875,-5781.07568359375,-2298.767822265625,-8508.435546875,1.0484708547592163,1.0475975275039673,1.0482313632965088,1.0484015941619873
6.38,-14438.15625,-5781.2744140625,-2298.5859375,-8508.3447265625,1.0484721660614014,1.0475975275039673,1.048232913017273,1.0484035015106201
6.390000000000001,-14438.044921875,-5781.521484375,-2298.365234375,-8508.2275390625,1.0484728813171387,1.0475976467132568,1.0482336282730103,1.048404574394226
6.4,-14438.0,-5781.71337890625,-2298.2021484375,-8508.16796875,1.0484733581542969,1.0475976467132568,1.0482341051101685,1.0484051704406738
6.41,-14438.052734375,-5781.80859375,-2298.139404296875,-8508.20703125,1.0484734773635864,1.0475976467132568,1.048234224319458,1.048405408859253
6.42,-14438.2099609375,-5781.8095703125,-2298.177734375,-8508.341796875,1.048473596572876,1.0475976467132568,1.0482343435287476,1.048405647277832
6.43,-14438.443359375,-5781.73828125,-2298.294189453125,-8508.5517578125,1.0484737157821655,1.0475976467132568,1.048234462738037,1.048405647277832
6.44,-14438.720703125,-5781.6240234375,-2298.454833984375,-8508.806640625,1.0484737157821655,1.0475976467132568,1.048234462738037,1.0484057664871216
6.45,-14439.013671875,-5781.498046875,-2298.62890625,-8509.0771484375,1.0484737157821655,1.0475976467132568,1.048234462738037,1.0484057664871216
6.46,-14439.2939453125,-5781.38134765625,-2298.796142578125,-8509.3369140625,1.0484737157821655,1.0475976467132568,1.048234462738037,1.0484057664871216
6.47,-14439.55078125,-5781.2900390625,-2298.940185546875,-8509.578125,1.0484737157821655,1.0475976467132568,1.048234462738037,1.0484057664871216
6.48,-14439.7763671875,-5781.2294921875,-2299.0546875,-8509.7890625,1.0484737157821655,1.0475976467132568,1.048234462738037,1.0484057664871216
6.49,-14439.974609375,-5781.1953125,-2299.143310546875,-8509.9736328125,1.0484737157821655,1.0475976467132568,1.048234462738037,1.0484057664871216
6.5,-14440.1484375,-5781.18603515625,-2299.204833984375,-8510.1328125,1.0484737157821655,1.0475976467132568,1.048234462738037,1.048405647277832
6.51,-14440.302734375,-5781.19482421875,-2299.25244140625,-8510.279296875,1.0484737157821655,1.0475976467132568,1.048234462738037,1.048405647277832
6.5200000000000005,-14440.44921875,-5781.2099609375,-2299.287353515625,-8510.412109375,1.048473596572876,1.0475976467132568,1.048234462738037,1.048405647277832
6.53,-14440.5888671875,-5781.23193359375,-2299.3212890625,-8510.5419921875,1.048473596572876,1.0475976467132568,1.048234462738037,1.048405647277832
6.54,-14440.724609375,-5781.2548828125,-2299.349853515625,-8510.666015625,1.048473596572876,1.0475976467132568,1.048234462738037,1.048405647277832
6.55,-14440.861328125,-5781.279296875,-2299.3818359375,-8510.7919921875,1.048473596572876,1.0475976467132568,1.048234462738037,1.048405647277832
6.5600000000000005,-14440.9970703125,-5781.30224609375,-2299.4130859375,-8510.916015625,1.048473596572876,1.0475976467132568,1.048234462738037,1.048405647277832
6.57,-14441.130859375,-5781.32275390625,-2299.447509765625,-8511.0419921875,1.048473596572876,1.0475976467132568,1.048234462738037,1.048405647277832
6.58,-14441.2646484375,-5781.3427734375,-2299.47900390625,-8511.1669921875,1.048473596572876,1.0475976467132568,1.048234462738037,1.048405647277832
6.59,-14441.3974609375,-5781.365234375,-2299.5107421875,-8511.291015625,1.048473596572876,1.0475976467132568,1.048234462738037,1.048405647277832
6.6000000000000005,-14441.5283203125,-5781.38525390625,-2299.54248046875,-8511.4111328125,1.048473596572876,1.0475976467132568,1.048234462738037,1.048405647277832
6.61,-14441.6552734375,-5781.40869140625,-2299.571044921875,-8511.529296875,1.048473596572876,1.0475976467132568,1.048234462738037,1.048405647277832
6.62,-14441.7822265625,-5781.4345703125,-2299.599365234375,-8511.64453125,1.048473596572876,1.0475976467132568,1.048234462738037,1.048405647277832
6.63,-14441.9013671875,-5781.45947265625,-2299.625,-8511.7607421875,1.048473596572876,1.0475976467132568,1.048234462738037,1.048405647277832
6.640000000000001,-14442.021484375,-5781.48583984375,-2299.650390625,-8511.87109375,1.048473596572876,1.0475976467132568,1.048234462738037,1.048405647277832
6.65,-14442.140625,-5781.5146484375,-2299.673095703125,-8511.9814453125,1.048473596572876,1.0475976467132568,1.048234462738037,1.048405647277832
6.66,-14442.2548828125,-5781.5419921875,-2299.696044921875,-8512.0888671875,1.048473596572876,1.0475976467132568,1.048234462738037,1.048405647277832
6.67,-14442.3681640625,-5781.572265625,-2299.71728515625,-8512.1953125,1.048473596572876,1.0475976467132568,1.048234462738037,1.048405647277832
6.68,-14442.4814453125,-5781.60009765625,-2299.7373046875,-8512.296875,1.048473596572876,1.0475976467132568,1.048234462738037,1.048405647277832
6.69,-14442.591796875,-5781.62890625,-2299.758544921875,-8512.4013671875,1.048473596572876,1.0475976467132568,1.048234462738037,1.048405647277832
6.7,-14442.703125,-5781.658203125,-2299.7783203125,-8512.50390625,1.048473596572876,1.0475976467132568,1.048234462738037,1.048405647277832
6.71,-14442.80859375,-5781.68603515625,-2299.79736328125,-8512.603515625,1.048473596572876,1.0475976467132568,1.048234462738037,1.048405647277832
6.72,-14442.9169921875,-5781.7138671875,-2299.81689453125,-8512.7021484375,1.048473596572876,1.0475976467132568,1.048234462738037,1.048405647277832
6.73,-14443.0244140625,-5781.74365234375,-2299.836181640625,-8512.7998046875,1.048473596572876,1.0475976467132568,1.048234462738037,1.048405647277832
6.74,-14443.126953125,-5781.77001953125,-2299.854248046875,-8512.8984375,1.048473596572876,1.0475976467132568,1.048234462738037,1.048405647277832
6.75,-14443.2314453125,-5781.7998046875,-2299.8740234375,-8512.99609375,1.048473596572876,1.0475976467132568,1.048234462738037,1.048405647277832
6.76,-14443.3330078125,-5781.8271484375,-2299.891357421875,-8513.0908203125,1.048473596572876,1.0475976467132568,1.048234462738037,1.048405647277832
6.7700000000000005,-14443.435546875,-5781.85400390625,-2299.9111328125,-8513.1865234375,1.0484734773635864,1.0475976467132568,1.048234462738037,1.0484055280685425
6.78,-14443.5341796875,-5781.88134765625,-2299.927734375,-8513.2802734375,1.0484734773635864,1.0475976467132568,1.048234462738037,1.0484055280685425
6.79,-14443.634765625,-5781.90966796875,-2299.945556640625,-8513.3720703125,1.0484734773635864,1.0475976467132568,1.048234462738037,1.0484055280685425
6.8,-14443.7314453125,-5781.93994140625,-2299.96142578125,-8513.462890625,1.0484734773635864,1.0475976467132568,1.048234462738037,1.0484055280685425
6.8100000000000005,-14128.9130859375,-5461.90087890625,-1976.223388671875,-8195.64453125,1.0486087799072266,1.0477344989776611,1.0483697652816772,1.0485409498214722
6.82,-14506.0849609375,-5848.8525390625,-2363.4970703125,-8575.701171875,1.0484848022460938,1.0476056337356567,1.0482457876205444,1.048417329788208
6.83,-14445.650390625,-5784.6123046875,-2301.267822265625,-8514.970703125,1.0484846830368042,1.0476046800613403,1.0482456684112549,1.048417329788208
6.84,-14446.7119140625,-5785.24462890625,-2302.22314453125,-8516.09765625,1.0484802722930908,1.0475999116897583,1.0482412576675415,1.0484130382537842
6.8500000000000005,-14445.701171875,-5784.2119140625,-2301.08251953125,-8515.0908203125,1.0484776496887207,1.0475969314575195,1.0482386350631714,1.048410415649414
6.86,-14445.2109375,-5783.50439453125,-2300.477783203125,-8514.58203125,1.0484764575958252,1.0475956201553345,1.0482374429702759,1.0484092235565186
6.87,-14445.3251953125,-5783.47119140625,-2300.49853515625,-8514.6875,1.048475742340088,1.0475947856903076,1.0482367277145386,1.0484086275100708
6.88,-14445.6318359375,-5783.61376953125,-2300.714111328125,-8514.978515625,1.0484753847122192,1.047594428062439,1.04823637008667,1.0484082698822021
6.890000000000001,-14445.974609375,-5783.7900390625,-2300.978759765625,-8515.3173828125,1.0484751462936401,1.0475941896438599,1.0482361316680908,1.048408031463623
6.9,-14446.255859375,-5783.9033203125,-2301.18212890625,-8515.5966796875,1.0484751462936401,1.0475940704345703,1.0482361316680908,1.0484079122543335
6.91,-14446.4375,-5783.91357421875,-2301.286376953125,-8515.7822265625,1.0484750270843506,1.0475940704345703,1.0482360124588013,1.0484079122543335
6.92,-14446.5126953125,-5783.830078125,-2301.287841796875,-8515.865234375,1.0484750270843506,1.0475939512252808,1.0482360124588013,1.048407793045044
6.93,-14446.51171875,-5783.6787109375,-2301.212158203125,-8515.8740234375,1.0484750270843506,1.0475939512252808,1.0482360124588013,1.048407793045044
6.94,-14446.4638671875,-5783.490234375,-2301.08935546875,-8515.830078125,1.048474907875061,1.0475939512252808,1.0482360124588013,1.048407793045044
6.95,-14446.3984375,-5783.29833984375,-2300.951171875,-8515.7705078125,1.048474907875061,1.0475939512252808,1.0482360124588013,1.048407793045044
6.96,-14446.341796875,-5783.12646484375,-2300.81982421875,-8515.7158203125,1.048474907875061,1.0475939512252808,1.0482360124588013,1.048407793045044
6.97,-14446.306640625,-5782.98388671875,-2300.71240234375,-8515.68359375,1.048474907875061,1.0475939512252808,1.0482360124588013,1.048407793045044
6.98,-14446.30078125,-5782.8779296875,-2300.634521484375,-8515.6787109375,1.048474907875061,1.0475939512252808,1.0482360124588013,1.048407793045044
6.99,-14446.318359375,-5782.80517578125,-2300.583984375,-8515.6953125,1.048474907875061,1.0475939512252808,1.0482360124588013,1.048407793045044
7.0,-14446.361328125,-5782.75634765625,-2300.559814453125,-8515.7373046875,1.048474907875061,1.0475939512252808,1.0482360124588013,1.048407793045044
7.01,-14446.419921875,-5782.728515625,-2300.546630859375,-8515.79296875,1.048474907875061,1.0475939512252808,1.0482360124588013,1.048407793045044
7.0200000000000005,-14446.48828125,-5782.71044921875,-2300.54638671875,-8515.859375,1.048474907875061,1.0475939512252808,1.0482360124588013,1.048407793045044
7.03,-14446.556640625,-5782.69775390625,-2300.55224609375,-8515.9267578125,1.048474907875061,1.0475939512252808,1.0482360124588013,1.048407793045044
7.04,-14446.630859375,-5782.68896484375,-2300.5556640625,-8515.9951171875,1.048474907875061,1.0475939512252808,1.0482360124588013,1.048407793045044
7.05,-14446.7021484375,-5782.68017578125,-2300.559814453125,-8516.0625,1.048474907875061,1.0475939512252808,1.0482360124588013,1.048407793045044
7.0600000000000005,-14446.7685546875,-5782.669921875,-2300.563232421875,-8516.1279296875,1.048474907875061,1.0475939512252808,1.0482360124588013,1.048407793045044
7.07,-14446.8369140625,-5782.6611328125,-2300.5654296875,-8516.19140625,1.048474907875061,1.0475939512252808,1.0482360124588013,1.048407793045044
7.08,-14446.8994140625,-5782.65234375,-2300.564453125,-8516.2548828125,1.048474907875061,1.0475939512252808,1.0482360124588013,1.048407793045044
7.09,-14446.9638671875,-5782.6455078125,-2300.567626953125,-8516.31640625,1.048474907875061,1.0475939512252808,1.0482360124588013,1.048407793045044
7.1000000000000005,-14447.03125,-5782.64013671875,-2300.56884765625,-8516.3798828125,1.048474907875061,1.0475939512252808,1.0482360124588013,1.048407793045044
7.11,-14447.0966796875,-5782.63720703125,-2300.572509765625,-8516.44140625,1.048474907875061,1.0475939512252808,1.0482360124588013,1.048407793045044
7.12,-14447.162109375,-5782.6337890625,-2300.57666015625,-8516.505859375,1.048474907875061,1.0475939512252808,1.0482360124588013,1.048407793045044
7.13,-14447.23046875,-5782.6337890625,-2300.5849609375,-8516.5712890625,1.048474907875061,1.0475939512252808,1.0482360124588013,1.048407793045044
7.140000000000001,-14447.298828125,-5782.638671875,-2300.592041015625,-8516.634765625,1.048474907875061,1.0475939512252808,1.0482360124588013,1.048407793045044
7.15,-14447.3662109375,-5782.6376953125,-2300.60009765625,-8516.7001953125,1.048474907875061,1.0475939512252808,1.0482360124588013,1.048407793045044
7.16,-14447.43359375,-5782.64306640625,-2300.609130859375,-8516.765625,1.048474907875061,1.0475939512252808,1.0482360124588013,1.048407793045044
7.17,-14447.5029296875,-5782.6484375,-2300.620361328125,-8516.8291015625,1.048474907875061,1.0475939512252808,1.0482360124588013,1.048407793045044
7.18,-14447.5712890625,-5782.654296875,-2300.62890625,-8516.896484375,1.048474907875061,1.0475939512252808,1.0482360124588013,1.048407793045044
7.19,-14447.6357421875,-5782.65869140625,-2300.638916015625,-8516.9580078125,1.048474907875061,1.0475939512252808,1.0482360124588013,1.048407793045044
7.2,-14447.703125,-5782.66552734375,-2300.64892578125,-8517.0224609375,1.048474907875061,1.0475939512252808,1.0482360124588013,1.048407793045044
7.21,-14447.7705078125,-5782.67041015625,-2300.658935546875,-8517.083984375,1.048474907875061,1.0475939512252808,1.0482360124588013,1.0484076738357544
7.22,-14447.8349609375,-5782.67822265625,-2300.669921875,-8517.1484375,1.048474907875061,1.0475939512252808,1.0482360124588013,1.0484076738357544
7.23,-14447.900390625,-5782.68505859375,-2300.67919921875,-8517.208984375,1.048474907875061,1.0475939512252808,1.0482360124588013,1.0484076738357544
7.24,-14447.9658203125,-5782.69091796875,-2300.68994140625,-8517.271484375,1.048474907875061,1.0475939512252808,1.0482360124588013,1.0484076738357544
7.25,-14448.0283203125,-5782.69775390625,-2300.698486328125,-8517.33203125,1.048474907875061,1.0475939512252808,1.0482360124588013,1.0484076738357544
7.26,-14448.09375,-5782.70703125,-2300.711181640625,-8517.3916015625,1.048474907875061,1.0475939512252808,1.0482360124588013,1.0484076738357544
7.2700000000000005,-14448.154296875,-5782.71142578125,-2300.72119140625,-8517.455078125,1.048474907875061,1.0475939512252808,1.0482360124588013,1.0484076738357544
7.28,-14448.2177734375,-5782.7197265625,-2300.73095703125,-8517.513671875,1.048474907875061,1.0475939512252808,1.0482360124588013,1.0484076738357544
7.29,-14448.2802734375,-5782.72705078125,-2300.7421875,-8517.5703125,1.048474907875061,1.0475939512252808,1.0482360124588013,1.0484076738357544
7.3,-14448.341796875,-5782.7333984375,-2300.7529296875,-8517.6318359375,1.048474907875061,1.0475939512252808,1.0482360124588013,1.0484076738357544
7.3100000000000005,-14131.974609375,-6095.1884765625,-1975.4462890625,-8198.28125,1.048610806465149,1.047456979751587,1.0483719110488892,1.0485436916351318
7.32,-14513.73046875,-5716.64208984375,-2367.45654296875,-8582.8193359375,1.0484838485717773,1.0475856065750122,1.0482449531555176,1.048417091369629
7.33,-14451.0283203125,-5780.1357421875,-2302.949951171875,-8519.9345703125,1.04848313331604,1.0475866794586182,1.0482441186904907,1.0484164953231812
7.34,-14451.7060546875,-5779.43115234375,-2303.557373046875,-8520.7412109375,1.048478364944458,1.0475916862487793,1.0482394695281982,1.0484118461608887
7.3500000000000005,-14450.6884765625,-5780.62353515625,-2302.461181640625,-8519.689453125,1.0484756231307983,1.047594666481018,1.0482367277145386,1.048409104347229
7.36,-14450.0693359375,-5781.3515625,-2301.7763671875,-8519.080078125,1.0484743118286133,1.0475960969924927,1.0482354164123535,1.048407793045044
7.37,-14450.107421875,-5781.4248046875,-2301.767333984375,-8519.1123046875,1.048473596572876,1.04759681224823,1.0482347011566162,1.0484070777893066
7.38,-14450.3232421875,-5781.31298828125,-2301.9482421875,-8519.328125,1.0484731197357178,1.0475971698760986,1.048234224319458,1.048406720161438
7.390000000000001,-14450.5673828125,-5781.1650390625,-2302.16064453125,-8519.58203125,1.0484730005264282,1.0475974082946777,1.0482341051101685,1.0484064817428589
7.4,-14450.740234375,-5781.08251953125,-2302.30712890625,-8519.76953125,1.0484728813171387,1.0475975275039673,1.048233985900879,1.0484063625335693
7.41,-14450.8095703125,-5781.1005859375,-2302.344970703125,-8519.8525390625,1.0484727621078491,1.0475976467132568,1.0482338666915894,1.0484063625335693
7.42,-14450.7724609375,-5781.2158203125,-2302.280029296875,-8519.8359375,1.0484727621078491,1.0475976467132568,1.0482338666915894,1.0484062433242798
7.43,-14450.6611328125,-5781.4013671875,-2302.139892578125,-8519.744140625,1.0484727621078491,1.0475976467132568,1.0482338666915894,1.0484062433242798
7.44,-14450.51171875,-5781.623046875,-2301.96142578125,-8519.6103515625,1.0484727621078491,1.0475976467132568,1.0482338666915894,1.0484062433242798
7.45,-14450.349609375,-5781.84716796875,-2301.7763671875,-8519.4697265625,1.0484727621078491,1.0475976467132568,1.0482338666915894,1.0484062433242798
7.46,-14450.2080078125,-5782.05224609375,-2301.607177734375,-8519.3447265625,1.0484727621078491,1.0475976467132568,1.0482338666915894,1.0484062433242798
7.47,-14450.095703125,-5782.2255859375,-2301.4697265625,-8519.2451171875,1.0484727621078491,1.0475976467132568,1.0482338666915894,1.0484062433242798
7.48,-14450.017578125,-5782.36376953125,-2301.36328125,-8519.177734375,1.0484727621078491,1.0475976467132568,1.0482338666915894,1.0484062433242798
7.49,-14449.970703125,-5782.46826171875,-2301.28955078125,-8519.142578125,1.0484727621078491,1.0475976467132568,1.0482338666915894,1.0484062433242798
7.5,-14449.9482421875,-5782.54541015625,-2301.242919921875,-8519.1318359375,1.0484727621078491,1.0475976467132568,1.0482338666915894,1.0484062433242798
7.51,-14449.9453125,-5782.60498046875,-2301.213134765625,-8519.13671875,1.0484727621078491,1.0475976467132568,1.0482338666915894,1.0484062433242798
7.5200000000000005,-14449.9501953125,-5782.65185546875,-2301.19677734375,-8519.1552734375,1.0484727621078491,1.0475976467132568,1.0482338666915894,1.0484062433242798
7.53,-14449.962890625,-5782.69091796875,-2301.1826171875,-8519.1767578125,1.0484727621078491,1.0475976467132568,1.0482338666915894,1.0484062433242798
7.54,-14449.9775390625,-5782.7275390625,-2301.1728515625,-8519.2001953125,1.0484727621078491,1.0475976467132568,1.0482338666915894,1.0484062433242798
7.55,-14449.9921875,-5782.7646484375,-2301.16162109375,-8519.2197265625,1.0484727621078491,1.0475976467132568,1.0482338666915894,1.0484062433242798
7.5600000000000005,-14450.005859375,-5782.802734375,-2301.152099609375,-8519.2412109375,1.0484727621078491,1.0475976467132568,1.0482338666915894,1.0484062433242798
7.57,-14450.0166015625,-5782.83984375,-2301.138427734375,-8519.263671875,1.0484727621078491,1.0475976467132568,1.0482338666915894,1.0484062433242798
7.58,-14450.0302734375,-5782.8759765625,-2301.1279296875,-8519.28515625,1.0484727621078491,1.0475976467132568,1.0482338666915894,1.0484062433242798
7.59,-14450.0400390625,-5782.91015625,-2301.1171875,-8519.3056640625,1.0484727621078491,1.0475976467132568,1.0482338666915894,1.0484062433242798
7.6000000000000005,-14450.0576171875,-5782.94140625,-2301.10791015625,-8519.3271484375,1.0484727621078491,1.0475976467132568,1.0482338666915894,1.0484062433242798
7.61,-14449.708984375,-5782.7041015625,-2300.876953125,-8518.888671875,1.0484695434570312,1.0475940704345703,1.048230767250061,1.0484018325805664
7.62,-14449.896484375,-5782.8779296875,-2301.01513671875,-8519.14453125,1.0484635829925537,1.0475869178771973,1.048223853111267,1.048391342163086
7.63,-14449.90625,-5782.9130859375,-2301.039794921875,-8519.193359375,1.0484603643417358,1.0475831031799316,1.0482202768325806,1.048385739326477
7.640000000000001,-14449.857421875,-5782.9111328125,-2301.03271484375,-8519.1611328125,1.0484586954116821,1.0475811958312988,1.0482183694839478,1.0483827590942383
7.65,-14449.78125,-5782.8828125,-2301.013916015625,-8519.0927734375,1.0484577417373657,1.0475801229476929,1.0482172966003418,1.0483812093734741
7.66,-14449.69140625,-5782.84619140625,-2300.990478515625,-8519.0078125,1.0484572649002075,1.0475795269012451,1.0482168197631836,1.0483803749084473
7.67,-14449.5966796875,-5782.8076171875,-2300.96728515625,-8518.9189453125,1.0484570264816284,1.0475791692733765,1.048216462135315,1.048379898071289
7.68,-14449.5029296875,-5782.76806640625,-2300.94677734375,-8518.8291015625,1.0484569072723389,1.047579050064087,1.0482163429260254,1.04837965965271
7.69,-14449.4091796875,-5782.72998046875,-2300.92724609375,-8518.7421875,1.0484569072723389,1.0475789308547974,1.0482162237167358,1.0483795404434204
7.7,-14449.318359375,-5782.69287109375,-2300.91015625,-8518.66015625,1.0484567880630493,1.0475789308547974,1.0482162237167358,1.0483795404434204
7.71,-14449.2314453125,-5782.65625,-2300.89501953125,-8518.58203125,1.0484567880630493,1.0475789308547974,1.0482162237167358,1.0483794212341309
7.72,-14449.1455078125,-5782.62060546875,-2300.88232421875,-8518.50390625,1.0484567880630493,1.0475789308547974,1.0482162237167358,1.0483794212341309
7.73,-14449.0576171875,-5782.5859375,-2300.8662109375,-8518.4267578125,1.0484567880630493,1.0475788116455078,1.0482161045074463,1.0483794212341309
7.74,-14448.97265625,-5782.5517578125,-2300.8525390625,-8518.349609375,1.0484567880630493,1.0475788116455078,1.0482161045074463,1.0483794212341309
7.75,-14448.890625,-5782.5166015625,-2300.8388671875,-8518.2724609375,1.0484567880630493,1.0475788116455078,1.0482161045074463,1.0483794212341309
7.76,-14448.806640625,-5782.4814453125,-2300.823486328125,-8518.1962890625,1.0484567880630493,1.0475788116455078,1.0482161045074463,1.0483794212341309
7.7700000000000005,-14448.720703125,-5782.44189453125,-2300.80908203125,-8518.119140625,1.0484567880630493,1.0475788116455078,1.0482161045074463,1.0483794212341309
7.78,-14448.6396484375,-5782.40625,-2300.796630859375,-8518.0419921875,1.0484567880630493,1.0475789308547974,1.0482161045074463,1.0483794212341309
7.79,-14448.5576171875,-5782.37109375,-2300.779296875,-8517.9658203125,1.0484567880630493,1.0475789308547974,1.0482161045074463,1.0483794212341309
7.8,-14448.4736328125,-5782.33349609375,-2300.7646484375,-8517.890625,1.0484567880630493,1.0475789308547974,1.0482161045074463,1.0483794212341309
7.8100000000000005,-14757.2705078125,-6093.3056640625,-2618.5126953125,-8829.716796875,1.0483207702636719,1.0474425554275513,1.0480800867080688,1.0482434034347534
7.82,-14384.0517578125,-5719.2490234375,-2235.094970703125,-8453.46484375,1.0484474897384644,1.0475682020187378,1.0482068061828613,1.0483696460723877
7.83,-14445.70703125,-5780.52294921875,-2298.54052734375,-8515.490234375,1.0484483242034912,1.047568678855896,1.0482076406478882,1.048370361328125
7.84,-14444.86328125,-5779.455078125,-2297.775146484375,-8514.583984375,1.0484532117843628,1.0475733280181885,1.0482125282287598,1.0483752489089966
7.8500000000000005,-14446.0263671875,-5780.619140625,-2299.0400390625,-8515.740234375,1.048456072807312,1.0475760698318481,1.048215389251709,1.0483779907226562
7.86,-14446.607421875,-5781.22265625,-2299.69775390625,-8516.3291015625,1.048457384109497,1.0475773811340332,1.048216700553894,1.0483793020248413
7.87,-14446.5576171875,-5781.2197265625,-2299.710693359375,-8516.283203125,1.0484580993652344,1.0475780963897705,1.0482174158096313,1.0483800172805786
7.88,-14446.3232421875,-5781.02392578125,-2299.5244140625,-8516.0498046875,1.0484585762023926,1.0475784540176392,1.0482178926467896,1.0483804941177368
7.890000000000001,-14446.0576171875,-5780.78515625,-2299.30615234375,-8515.7802734375,1.0484586954116821,1.0475786924362183,1.048218011856079,1.0483806133270264
7.9,-14445.8623046875,-5780.60107421875,-2299.154052734375,-8515.5751953125,1.0484588146209717,1.0475788116455078,1.0482181310653687,1.048380732536316
7.91,-14445.775390625,-5780.513671875,-2299.109130859375,-8515.4765625,1.0484589338302612,1.0475788116455078,1.0482182502746582,1.0483808517456055
7.92,-14445.7939453125,-5780.5244140625,-2299.17138671875,-8515.4794921875,1.0484589338302612,1.0475789308547974,1.0482182502746582,1.0483808517456055
7.930000000000001,-14445.8896484375,-5780.60791015625,-2299.306396484375,-8515.5576171875,1.0484589338302612,1.0475789308547974,1.0482182502746582,1.0483808517456055
7.94,-14446.0263671875,-5780.732421875,-2299.484619140625,-8515.677734375,1.0484589338302612,1.0475789308547974,1.0482182502746582,1.0483808517456055
7.95,-14446.169921875,-5780.869140625,-2299.669189453125,-8515.8056640625,1.0484589338302612,1.0475789308547974,1.0482182502746582,1.0483808517456055
7.96,-14446.2998046875,-5780.9951171875,-2299.838623046875,-8515.921875,1.0484589338302612,1.0475789308547974,1.0482182502746582,1.0483808517456055
7.97,-14446.396484375,-5781.0947265625,-2299.977294921875,-8516.0087890625,1.0484589338302612,1.0475789308547974,1.0482182502746582,1.0483808517456055
7.98,-14446.4619140625,-5781.1669921875,-2300.081787109375,-8516.0634765625,1.0484589338302612,1.0475789308547974,1.0482182502746582,1.0483808517456055
7.99,-14446.494140625,-5781.208984375,-2300.14892578125,-8516.0859375,1.0484589338302612,1.0475789308547974,1.0482182502746582,1.0483808517456055
8.0,-14446.5009765625,-5781.2275390625,-2300.195556640625,-8516.0869140625,1.0484589338302612,1.0475789308547974,1.0482182502746582,1.0483808517456055
8.01,-14446.4912109375,-5781.232421875,-2300.221435546875,-8516.06640625,1.0484589338302612,1.0475789308547974,1.0482182502746582,1.0483808517456055
8.02,-14446.4658203125,-5781.22412109375,-2300.236328125,-8516.0390625,1.0484589338302612,1.0475789308547974,1.0482182502746582,1.0483808517456055
8.03,-14446.4375,-5781.2080078125,-2300.245849609375,-8516.00390625,1.0484589338302612,1.0475789308547974,1.0482182502746582,1.0483808517456055
8.040000000000001,-14446.4111328125,-5781.1953125,-2300.255615234375,-8515.9677734375,1.0484589338302612,1.0475789308547974,1.0482182502746582,1.0483808517456055
8.05,-14446.3798828125,-5781.1806640625,-2300.26171875,-8515.9326171875,1.0484589338302612,1.0475789308547974,1.0482182502746582,1.0483808517456055
8.06,-14446.3525390625,-5781.16650390625,-2300.270751953125,-8515.8974609375,1.0484589338302612,1.0475789308547974,1.0482182502746582,1.0483808517456055
8.07,-14446.326171875,-5781.1552734375,-2300.278076171875,-8515.865234375,1.0484589338302612,1.0475789308547974,1.0482182502746582,1.0483808517456055
8.08,-14446.30078125,-5781.14306640625,-2300.28759765625,-8515.83203125,1.0484589338302612,1.0475789308547974,1.0482182502746582,1.0483808517456055
8.09,-14446.2724609375,-5781.13134765625,-2300.295166015625,-8515.798828125,1.0484589338302612,1.0475789308547974,1.0482182502746582,1.0483808517456055
8.1,-14446.2451171875,-5781.11767578125,-2300.301025390625,-8515.7646484375,1.0484589338302612,1.0475789308547974,1.0482182502746582,1.0483808517456055
8.11,-14446.21484375,-5781.1025390625,-2300.30322265625,-8515.728515625,1.0484589338302612,1.0475789308547974,1.0482182502746582,1.0483808517456055
8.120000000000001,-14446.18359375,-5781.0869140625,-2300.307861328125,-8515.69140625,1.0484589338302612,1.0475789308547974,1.0482182502746582,1.048380970954895
8.13,-14446.1484375,-5781.06884765625,-2300.306640625,-8515.6533203125,1.0484589338302612,1.0475789308547974,1.0482182502746582,1.048380970954895
8.14,-14446.1142578125,-5781.04931640625,-2300.3076171875,-8515.6142578125,1.0484589338302612,1.0475789308547974,1.0482182502746582,1.048380970954895
8.15,-14446.0791015625,-5781.02685546875,-2300.305419921875,-8515.5751953125,1.0484589338302612,1.0475789308547974,1.0482182502746582,1.048380970954895
8.16,-14446.0439453125,-5781.00830078125,-2300.30224609375,-8515.5302734375,1.0484589338302612,1.0475789308547974,1.0482182502746582,1.048380970954895
8.17,-14446.0087890625,-5780.98828125,-2300.298095703125,-8515.4951171875,1.0484589338302612,1.0475789308547974,1.0482182502746582,1.048380970954895
8.18,-14445.9716796875,-5780.966796875,-2300.2939453125,-8515.451171875,1.0484590530395508,1.0475789308547974,1.0482182502746582,1.048380970954895
8.19,-14445.9365234375,-5780.9443359375,-2300.288818359375,-8515.4091796875,1.0484590530395508,1.0475789308547974,1.0482182502746582,1.048380970954895
8.2,-14445.8994140625,-5780.9248046875,-2300.284912109375,-8515.3681640625,1.0484590530395508,1.0475789308547974,1.0482182502746582,1.048380970954895
8.21,-14445.86328125,-5780.9033203125,-2300.279296875,-8515.328125,1.0484590530395508,1.0475789308547974,1.0482182502746582,1.048380970954895
8.22,-14445.828125,-5780.880859375,-2300.272705078125,-8515.287109375,1.0484590530395508,1.0475789308547974,1.0482182502746582,1.048380970954895
8.23,-14445.7919921875,-5780.85986328125,-2300.268798828125,-8515.2470703125,1.0484590530395508,1.0475789308547974,1.0482182502746582,1.048380970954895
8.24,-14445.7578125,-5780.83984375,-2300.2626953125,-8515.20703125,1.0484590530395508,1.0475789308547974,1.0482182502746582,1.048380970954895
8.25,-14445.72265625,-5780.818359375,-2300.256103515625,-8515.1669921875,1.0484590530395508,1.0475789308547974,1.0482182502746582,1.048380970954895
8.26,-14445.6865234375,-5780.79736328125,-2300.25244140625,-8515.1279296875,1.0484590530395508,1.0475789308547974,1.0482182502746582,1.048380970954895
8.27,-14445.6533203125,-5780.7763671875,-2300.245849609375,-8515.0888671875,1.0484590530395508,1.0475789308547974,1.0482182502746582,1.048380970954895
8.28,-14445.6171875,-5780.755859375,-2300.241455078125,-8515.048828125,1.0484590530395508,1.0475789308547974,1.0482182502746582,1.048380970954895
8.290000000000001,-14445.583984375,-5780.73486328125,-2300.233642578125,-8515.01171875,1.0484590530395508,1.0475789308547974,1.0482182502746582,1.048380970954895
8.3,-14445.5498046875,-5780.71484375,-2300.227294921875,-8514.97265625,1.0484590530395508,1.0475789308547974,1.0482182502746582,1.048380970954895
8.31,-14752.9833984375,-5462.1181640625,-2616.531005859375,-8825.3798828125,1.048323631286621,1.047715187072754,1.0480828285217285,1.0482455492019653
8.32,-14384.248046875,-5844.5634765625,-2237.677734375,-8453.7763671875,1.0484472513198853,1.0475891828536987,1.0482064485549927,1.0483688116073608
8.33,-14443.759765625,-5782.33203125,-2298.90087890625,-8513.5712890625,1.0484474897384644,1.0475889444351196,1.0482068061828613,1.0483688116073608
8.34,-14442.6708984375,-5783.2236328125,-2297.867431640625,-8512.40625,1.0484522581100464,1.0475844144821167,1.0482114553451538,1.0483734607696533
8.35,-14443.8779296875,-5782.1494140625,-2299.1591796875,-8513.595703125,1.048454761505127,1.047581672668457,1.048214077949524,1.0483759641647339
8.36,-14444.4150390625,-5781.4736328125,-2299.761474609375,-8514.13671875,1.048456072807312,1.047580361366272,1.0482152700424194,1.048377275466919
8.370000000000001,-14444.3623046875,-5781.4306640625,-2299.757080078125,-8514.0888671875,1.0484567880630493,1.0475796461105347,1.0482159852981567,1.0483778715133667
8.38,-14444.1181640625,-5781.57080078125,-2299.546630859375,-8513.841796875,1.048457145690918,1.047579288482666,1.0482163429260254,1.0483782291412354
8.39,-14443.8271484375,-5781.75439453125,-2299.289794921875,-8513.548828125,1.0484572649002075,1.0475791692733765,1.0482165813446045,1.0483784675598145
8.4,-14443.5966796875,-5781.884765625,-2299.091552734375,-8513.3115234375,1.048457384109497,1.047579050064087,1.0482165813446045,1.048378586769104
8.41,-14443.4736328125,-5781.91552734375,-2298.9970703125,-8513.1728515625,1.0484575033187866,1.0475789308547974,1.048216700553894,1.048378586769104
8.42,-14443.4501953125,-5781.85595703125,-2299.002197265625,-8513.1376953125,1.0484575033187866,1.0475789308547974,1.048216700553894,1.0483787059783936
8.43,-14443.5078125,-5781.72265625,-2299.08935546875,-8513.17578125,1.0484575033187866,1.0475789308547974,1.048216700553894,1.0483787059783936
8.44,-14443.611328125,-5781.55029296875,-2299.22265625,-8513.265625,1.0484575033187866,1.0475789308547974,1.048216700553894,1.0483787059783936
8.45,-14443.7333984375,-5781.36474609375,-2299.37158203125,-8513.37109375,1.0484575033187866,1.0475789308547974,1.048216700553894,1.0483787059783936
8.46,-14443.84765625,-5781.193359375,-2299.512451171875,-8513.470703125,1.0484575033187866,1.0475789308547974,1.048216700553894,1.0483787059783936
8.47,-14443.935546875,-5781.0439453125,-2299.63037109375,-8513.5498046875,1.0484575033187866,1.0475789308547974,1.048216700553894,1.0483787059783936
8.48,-14443.9970703125,-5780.9248046875,-2299.719482421875,-8513.6015625,1.0484575033187866,1.0475789308547974,1.048216700553894,1.0483787059783936
8.49,-14444.0302734375,-5780.837890625,-2299.779296875,-8513.625,1.0484575033187866,1.0475789308547974,1.048216700553894,1.0483787059783936
8.5,-14444.037109375,-5780.77099609375,-2299.81494140625,-8513.626953125,1.0484575033187866,1.0475789308547974,1.048216700553894,1.0483787059783936
8.51,-14444.0322265625,-5780.72119140625,-2299.833984375,-8513.61328125,1.0484575033187866,1.0475789308547974,1.048216700553894,1.0483787059783936
8.52,-14444.0146484375,-5780.68212890625,-2299.842529296875,-8513.58984375,1.0484575033187866,1.0475789308547974,1.048216700553894,1.0483787059783936
8.53,-14443.9912109375,-5780.6484375,-2299.8466796875,-8513.5625,1.0484575033187866,1.0475789308547974,1.048216700553894,1.0483787059783936
8.540000000000001,-14443.970703125,-5780.6171875,-2299.849853515625,-8513.53515625,1.0484575033187866,1.0475789308547974,1.048216700553894,1.0483787059783936
8.55,-14443.9501953125,-5780.58740234375,-2299.85498046875,-8513.5087890625,1.0484575033187866,1.0475789308547974,1.048216700553894,1.0483787059783936
8.56,-14443.9296875,-5780.5556640625,-2299.859619140625,-8513.482421875,1.0484575033187866,1.0475789308547974,1.048216700553894,1.0483787059783936
8.57,-14443.9111328125,-5780.52392578125,-2299.864990234375,-8513.458984375,1.0484575033187866,1.0475789308547974,1.048216700553894,1.0483787059783936
8.58,-14443.892578125,-5780.4921875,-2299.872802734375,-8513.4345703125,1.0484575033187866,1.0475789308547974,1.048216700553894,1.0483787059783936
8.59,-14443.875,-5780.46044921875,-2299.87939453125,-8513.4111328125,1.0484575033187866,1.0475789308547974,1.048216700553894,1.0483787059783936
8.6,-14443.857421875,-5780.4296875,-2299.88525390625,-8513.388671875,1.0484575033187866,1.0475789308547974,1.048216700553894,1.0483787059783936
8.61,-14443.8359375,-5780.40283203125,-2299.88720703125,-8513.3642578125,1.0484575033187866,1.0475789308547974,1.048216700553894,1.0483787059783936
8.620000000000001,-14443.8154296875,-5780.37841796875,-2299.8896484375,-8513.337890625,1.0484575033187866,1.0475789308547974,1.048216700553894,1.0483787059783936
8.63,-14443.7919921875,-5780.35400390625,-2299.8896484375,-8513.3095703125,1.0484575033187866,1.0475789308547974,1.048216700553894,1.0483787059783936
8.64,-14443.7685546875,-5780.33203125,-2299.890380859375,-8513.2822265625,1.0484575033187866,1.0475789308547974,1.048216700553894,1.0483787059783936
8.65,-14443.744140625,-5780.310546875,-2299.88916015625,-8513.25390625,1.0484575033187866,1.0475789308547974,1.048216700553894,1.0483787059783936
8.66,-14443.71875,-5780.2880859375,-2299.88671875,-8513.22265625,1.0484575033187866,1.0475789308547974,1.048216700553894,1.0483787059783936
8.67,-14443.6943359375,-5780.27099609375,-2299.88427734375,-8513.1953125,1.0484575033187866,1.0475789308547974,1.048216700553894,1.0483787059783936
8.68,-14443.6689453125,-5780.2529296875,-2299.8837890625,-8513.1650390625,1.0484575033187866,1.0475789308547974,1.048216700553894,1.0483787059783936
8.69,-14443.64453125,-5780.234375,-2299.879150390625,-8513.1376953125,1.0484575033187866,1.0475789308547974,1.048216700553894,1.0483787059783936
8.700000000000001,-14443.6162109375,-5780.21484375,-2299.875,-8513.109375,1.0484575033187866,1.0475789308547974,1.048216700553894,1.0483787059783936
8.71,-14443.59375,-5780.19873046875,-2299.8720703125,-8513.0791015625,1.0484575033187866,1.0475789308547974,1.048216700553894,1.0483787059783936
8.72,-14443.5693359375,-5780.181640625,-2299.869873046875,-8513.05078125,1.0484575033187866,1.0475789308547974,1.048216700553894,1.0483787059783936
8.73,-14443.54296875,-5780.16748046875,-2299.864990234375,-8513.021484375,1.0484575033187866,1.0475789308547974,1.048216700553894,1.0483787059783936
8.74,-14443.517578125,-5780.14794921875,-2299.8603515625,-8512.9951171875,1.0484575033187866,1.0475789308547974,1.048216700553894,1.0483787059783936
8.75,-14443.4931640625,-5780.1328125,-2299.857421875,-8512.96484375,1.0484575033187866,1.0475789308547974,1.048216700553894,1.0483787059783936
8.76,-14443.46875,-5780.1162109375,-2299.853271484375,-8512.935546875,1.0484575033187866,1.0475789308547974,1.048216700553894,1.0483787059783936
8.77,-14443.4462890625,-5780.1015625,-2299.849365234375,-8512.90625,1.0484575033187866,1.0475789308547974,1.048216700553894,1.0483787059783936
8.78,-14443.4208984375,-5780.0849609375,-2299.84521484375,-8512.8798828125,1.0484575033187866,1.0475789308547974,1.048216700553894,1.0483787059783936
8.790000000000001,-14443.3994140625,-5780.06982421875,-2299.840087890625,-8512.8515625,1.0484575033187866,1.0475789308547974,1.048216700553894,1.0483787059783936
8.8,-14443.3740234375,-5780.05712890625,-2299.837158203125,-8512.8251953125,1.0484575033187866,1.0475789308547974,1.048216700553894,1.0483787059783936
8.81,-14128.43359375,-5459.97216796875,-1976.0762939453125,-8194.8837890625,1.0485928058624268,1.0477159023284912,1.0483520030975342,1.0485140085220337
8.82,-14505.490234375,-5846.88818359375,-2363.33056640625,-8574.8291015625,1.048468828201294,1.0475869178771973,1.048228144645691,1.048390507698059
8.83,-14444.9345703125,-5782.60791015625,-2301.081787109375,-8513.986328125,1.048468828201294,1.0475859642028809,1.0482279062271118,1.048390507698059
8.84,-14445.8828125,-5783.19775390625,-2302.017822265625,-8514.9990234375,1.048464298248291,1.0475811958312988,1.0482234954833984,1.0483862161636353
8.85,-14444.7578125,-5782.1259765625,-2300.854736328125,-8513.876953125,1.048461675643921,1.04757821559906,1.0482208728790283,1.0483835935592651
8.86,-14444.1494140625,-5781.380859375,-2300.2275390625,-8513.259765625,1.0484604835510254,1.047576904296875,1.0482196807861328,1.0483824014663696
8.870000000000001,-14444.15234375,-5781.30615234375,-2300.23095703125,-8513.25390625,1.048459768295288,1.0475761890411377,1.048219084739685,1.0483818054199219
8.88,-14444.380859375,-5781.43798828125,-2299.66162109375,-8513.447265625,1.0484603643417358,1.0475767850875854,1.0481854677200317,1.0483818054199219
8.89,-14444.6064453125,-5781.56689453125,-2300.2802734375,-8513.6728515625,1.048460841178894,1.0475775003433228,1.048152208328247,1.0483819246292114
8.9,-14444.7841796875,-5781.642578125,-2300.53662109375,-8513.849609375,1.0484611988067627,1.047577977180481,1.0481345653533936,1.048382043838501
8.91,-14444.8681640625,-5781.62451171875,-2300.570068359375,-8513.9296875,1.0484613180160522,1.04757821559906,1.048125147819519,1.048382043838501
8.92,-14444.853515625,-5781.51171875,-2300.433837890625,-8513.9130859375,1.0484614372253418,1.0475783348083496,1.048120141029358,1.048382043838501
8.93,-14444.7646484375,-5781.33203125,-2300.19482421875,-8513.8203125,1.0484614372253418,1.0475783348083496,1.0481175184249878,1.048382043838501
8.94,-14444.62890625,-5781.11572265625,-2299.9091796875,-8513.6806640625,1.0484615564346313,1.0475784540176392,1.0481160879135132,1.048382043838501
8.950000000000001,-14444.4775390625,-5780.8984375,-2299.621337890625,-8513.5224609375,1.0484615564346313,1.0475784540176392,1.0481153726577759,1.048382043838501
8.96,-14444.333984375,-5780.69921875,-2299.352294921875,-8513.3740234375,1.0484615564346313,1.0475784540176392,1.0481148958206177,1.048382043838501
8.97,-14444.216796875,-5780.53076171875,-2299.120849609375,-8513.2470703125,1.0484615564346313,1.0475784540176392,1.0481147766113281,1.0483821630477905
8.98,-14444.125,-5780.39794921875,-2298.92431640625,-8513.14453125,1.0484615564346313,1.0475784540176392,1.0481146574020386,1.0483821630477905
8.99,-14444.064453125,-5780.30029296875,-2298.760498046875,-8513.072265625,1.0484615564346313,1.0475784540176392,1.048114538192749,1.0483821630477905
